id,network,name,contract_address,timestamp,source,twitter_url,pinned_earlier,launch
tg_1758611100_139097,SOL,Update 2x  bluechip,DHJVYXsikcimtcVo49FAZqYd1XPYPaXezYhbKArJbonk,2025-07-01T03:47:34Z,tg:1758611100,https://x.com/i/communities/1937973578269647065,False,Bonk
tg_1758611100_139112,SOL,Sif,GSdtu9Nm7kZ1x8ddtisXFthzxFM5CmuMrSnBFfnHokm6,2025-07-01T05:27:05Z,tg:1758611100,https://x.com/solanaindexfund,False,raydium
tg_1758611100_139116,SOL,Pink Sheets,DPgmdXrqGHykj26xTGsmoNpFMfjaFB93cHvURriHpump,2025-07-01T05:45:35Z,tg:1758611100,https://x.com/i/communities/1939891766074757141,False,Pumpfun
tg_1758611100_139158,SOL,Microsoft,4cjmXiM4Mg7F5Q5mXJF4Xn9y36wY9xLHK5nzcN4qpump,2025-07-01T09:30:29Z,tg:1758611100,https://x.com/i/communities/1939970758513406138,False,Pumpfun
tg_1758611100_139169,SOL,memeusd,A4u2PhhSxFUJdXRrqzbpQhgYEWZ56Mj5gFSFhYSFpump,2025-07-01T10:19:22Z,tg:1758611100,https://x.com/i/communities/1939986543973748981,False,Pumpfun
tg_1758611100_139190,SOL,DEPORTLON,5RcXsuKg6nWH9UEKdf22XLwwKJE2EmcGuHNadpgGDa9v,2025-07-01T12:43:35Z,tg:1758611100,https://x.com/zerohedge/status/1940016918494154845,False,raydium
tg_1758611100_139201,SOL,SEEKAI,6NWctRoMdzNjEwNqHmQv5b1nEi5XURek63wDdrawsBLV,2025-07-01T13:44:28Z,tg:1758611100,,False,raydium
tg_1758611100_139216,SOL,Update 2.5x  Mew,DaPKQjewgFoCdgtK7X7V33PDQmG69r8Qvst9ZCjZpump,2025-07-01T15:51:26Z,tg:1758611100,https://x.com/i/communities/1940055896811610398,False,Pumpfun
tg_1758611100_139226,SOL,XELO TECH,t8w3Tr9crxWCKdr8B91n4mxAaCmYAXXWvs64WYdpump,2025-07-01T16:58:49Z,tg:1758611100,https://x.com/xelo_tech,False,Pumpfun
tg_1758611100_139250,SOL,dog wif bat,EeKce1KYy6FzSr6hTkBgmAJhosxkwfpY9vDW94Tpbonk,2025-07-01T18:54:49Z,tg:1758611100,https://x.com/i/communities/1940093855195599356,False,Bonk
tg_1758611100_139291,SOL,Launchlab  Infinite Tesla Glitch,DxzQNenW6q4jMs76e6jjhqvJbZ39gEUTAn5gdd1Nbonk,2025-07-01T23:14:56Z,tg:1758611100,https://x.com/tslaglitch,False,Bonk
tg_1758611100_139330,SOL,Shitcoin,HLRs2Yj3GHWuWrrxotQo2oQ9P2oUSYwqstwYtBkBbonk,2025-07-02T04:14:42Z,tg:1758611100,https://x.com/i/communities/1940218879554593217,False,Bonk
tg_1758611100_139335,SOL,Boatkid,FJjKH9Xp2SvNDNUSN7X9T4uMNafFEYzbZpnwEZXKpump,2025-07-02T04:38:03Z,tg:1758611100,https://x.com/i/communities/1938905339300073916,False,Pumpfun
tg_1758611100_139345,SOL,This You?,6mfaa4KbMHfGfXtWmjpkXoNMLsYSPD69qsGtPqbkpump,2025-07-02T05:17:23Z,tg:1758611100,https://x.com/Thiss_Youu,False,Pumpfun
tg_1758611100_139406,SOL,Pumpfun  Chipe,Cd6NGzg6YumULhgabiuHeQmXXgg2wquAqKAPzMeUpump,2025-07-02T11:24:16Z,tg:1758611100,https://x.com/i/communities/1940025148683206794,False,Pumpfun
tg_1758611100_139413,SOL,IRA,57vRgzy9iteSQRPQgX2L4RcsjxgstfMNZhswtBKLpump,2025-07-02T11:45:48Z,tg:1758611100,https://x.com/i/communities/1940371989304148152/,False,Pumpfun
tg_1758611100_139478,SOL,Saltlana,2KqzGcQLTEPrm6u5teGQMzR4M3v7RB5184qth1hxn3Jy,2025-07-02T17:53:43Z,tg:1758611100,https://x.com/i/communities/1940429793683517564,False,raydium
tg_1758611100_139486,SOL,Pumpfun  Pepe Jr In Real Life,A4o83iQ2i8oXYyntMQ7hfkdDBSPfc97QgVNCH5bgpump,2025-07-02T18:24:41Z,tg:1758611100,,False,Pumpfun
tg_1758611100_139500,SOL,ARTEON AI,25MrUAQBxY5wS21eLNFrW32PmwuDcy3mfBK1bHCTwSRz,2025-07-02T19:19:42Z,tg:1758611100,https://x.com/arteonai_solana?s=21,False,raydium
tg_1758611100_139507,SOL,BlackRock1337,DTf1r45zDHV8XkKLaQbXzsecBBVWsoVRx6PYC8Vypump,2025-07-02T20:06:43Z,tg:1758611100,https://x.com/BLK1337,False,Pumpfun
tg_1758611100_139591,SOL,Purple People Eater,HKZRSoiY6okJRp47hVLQsKNUNbn8VjGNhVys9sCgLc8s,2025-07-03T03:16:30Z,tg:1758611100,https://x.com/purpleeatersol?s=21,False,raydium
tg_1758611100_139626,SOL,JuPepe,8pFhEs3ZMCMVekQDCVvUYLBAPJdUkYWxUeNUMdq7jups,2025-07-03T07:02:38Z,tg:1758611100,https://x.com/i/communities/1940657777242001769,False,raydium
tg_1758611100_139636,SOL,CATDETS,ADSkaYVeTYazX77JypE7HEvRdx1QZVAo3whhCACjjups,2025-07-03T08:01:28Z,tg:1758611100,https://x.com/i/communities/1940653697362547149,False,raydium
tg_1758611100_139683,SOL,KIRBY,EoLW32eUjN9XibMLEb53CMzLtg9XxnHFU6fbpSukjups,2025-07-03T12:38:40Z,tg:1758611100,https://x.com/micdotsol/status/1940681973422608494,False,raydium
tg_1758611100_139711,SOL,Nothing,EZzRUjAZpbBwrsjeqxCQyWebJ7uTrZvx7Jf77hfxpump,2025-07-03T14:38:36Z,tg:1758611100,https://x.com/i/communities/1940764291100975234,False,Pumpfun
tg_1758611100_139717,SOL,Prelaunch  Nexy AI,ryAgfsmgmadESGttuG8LwKDsBsT7EisVkLxFcGKpump,2025-07-03T15:05:25Z,tg:1758611100,,False,Pumpfun
tg_1758611100_139742,SOL,Pickle Rick,w2ZUkG3MTYrmDLoUbRcQduCWECNGPvPZs1vhxaDpump,2025-07-03T17:33:38Z,tg:1758611100,,False,Pumpfun
tg_1758611100_139796,SOL,Pumpfun  Yuno,J4VRowz8cZjPHXQBZe3vbgnm9BoBrtuF3ewYxy9Spump,2025-07-03T21:28:50Z,tg:1758611100,,False,Pumpfun
tg_1758611100_139836,SOL,Uranus,BFgdzMkTPdKKJeTipv2njtDEwhKxkgFueJQfJGt1jups,2025-07-04T02:25:30Z,tg:1758611100,https://x.com/i/communities/1940787479281361171/,False,raydium
tg_1758611100_139922,SOL,Wechat Doge,83kGGSggYGP2ZEEyvX54SkZR1kFn84RgGCDyptbDbonk,2025-07-04T09:15:17Z,tg:1758611100,https://x.com/i/communities/1941027470058434674,False,Bonk
tg_1758611100_139999,SOL,China Coin,xedVaAkpko3qNwymCYs7KkBd7EiXYxFqtb5nVd3bonk,2025-07-04T15:34:14Z,tg:1758611100,https://x.com/Sol_Chinacoin,False,Bonk
tg_1758611100_140010,SOL,FreeInnovGovHopeThrstX,9NT3GXSvPPZxjTNyGfgwPZVahfdMV8iJiHqEtjBDpump,2025-07-04T16:37:10Z,tg:1758611100,,False,Pumpfun
tg_1758611100_140045,SOL,SuperGrok,P79VPZFfDreHPQVEF9BHZtAipDpviczpcnBXHWspump,2025-07-04T19:12:51Z,tg:1758611100,https://x.com/search?q=supergrok&src=typed_query,False,Pumpfun
tg_1758611100_140111,SOL,Pumpfun  Me and Who,wDi36E7VFhMqRF2yVf3zj1D9eHrqiphvtyxJQ1npump,2025-07-05T01:28:02Z,tg:1758611100,https://x.com/i/communities/1941292012046622792,False,Pumpfun
tg_1758611100_140145,SOL,AMP,5vdsNXpd7uQLdUMu2e4Ypm9c9swNaLhMQzta4ooMpump,2025-07-05T06:43:12Z,tg:1758611100,https://x.com/i/communities/1941320481761611812,False,Pumpfun
tg_1758611100_140152,SOL,BonkGuy,9E1TrvTBSwfJvHSzgyZJCipQC3v1abPN76panRg2bonk,2025-07-05T07:34:34Z,tg:1758611100,https://x.com/BonkguyonSOL,False,Bonk
tg_1758611100_140171,SOL,Air Coin Á©∫Ê∞îÂ∏Å,FV6Xcw9K5GZRb2jDN7e6xXgzs4ZDgJM1BE6nWRqRbonk,2025-07-05T09:21:21Z,tg:1758611100,,False,Bonk
tg_1758611100_140220,SOL,CHINAWINS,9HBLhDZc2hyuDL7avTo14FEVcjs4fQ6yA5JuYL9cbonk,2025-07-05T15:25:24Z,tg:1758611100,https://x.com/i/communities/1941306244154933250,False,Bonk
tg_1758611100_140240,SOL,Bitpill,GZcGneiDq6L6PsEPBjPJuDcEezc3NRNE5F47XqcZpump,2025-07-05T17:01:38Z,tg:1758611100,https://x.com/bitpilldotfun,False,Pumpfun
tg_1758611100_140271,SOL,Poop,1QMoP7gFmBMJhN62C9uBErawfBgExdR65mJbCBeboop,2025-07-05T20:44:01Z,tg:1758611100,https://x.com/pooponboop,False,raydium
tg_1758611100_140380,SOL,USEP,Bo75bRzqC33KroNgA7dBHtEj66TXFSbWvqBRnq3rfp1G,2025-07-06T07:24:26Z,tg:1758611100,https://x.com/search?q=the%20useless%20party&src=typed_query&f=top,False,raydium
tg_1758611100_140436,SOL,Bonk  Y≈´rei,GTWybF6r831ZzzNUtFERonNGP9j1jCKTBfM2eKQ2bonk,2025-07-06T12:53:16Z,tg:1758611100,https://x.com/yureicoin?s=21,False,Bonk
tg_1758611100_140465,SOL,üî• Pinksale  Spamek,CcjdJbDRF7diEQDd3t9TX3eoshr3SX6BTn9dJsYTB1zp,2025-07-06T15:07:01Z,tg:1758611100,,False,raydium
tg_1758611100_140472,SOL,Prelaunch  $KART,E2RkxuccUaU83SmvoVYWAiBJ6vdgqbkdCqUCX4W758vk,2025-07-06T15:30:18Z,tg:1758611100,,False,raydium
tg_1758611100_140483,SOL,BonkwifAmerica,G48A1YcFvPRCvZoMh6zdM2kas6pCsfbGmjQwJvBSpump,2025-07-06T16:47:03Z,tg:1758611100,https://x.com/BonkwifAmerica,False,Pumpfun
tg_1758611100_140532,SOL,gigabonk,BfWJKtrUCZjMQ7vftvxBNLrBUuqhm4QYK74wKM7xbonk,2025-07-06T22:07:14Z,tg:1758611100,https://twitter.com/i/communities/1941924832356266076,False,Bonk
tg_1758611100_140699,SOL,Chi Ê∞ó,5aUemPEExdpnRYwrHTsALeQgDFda63dAP5bNnSdgbonk,2025-07-07T16:09:42Z,tg:1758611100,https://x.com/i/communities/1942198391401771497,False,Bonk
tg_1758611100_140724,SOL,BonkFun  Infinite Lottery Glitch,8eCdKUYoavjkJ4mfdeXCnFNXL77niRVt9YDwKTXFbonk,2025-07-07T18:07:44Z,tg:1758611100,https://x.com/InfLotGlitch,False,Bonk
tg_1758611100_140790,SOL,Bonkfun  Bonknos,GfAxun228moTzJRgvEzMEnscVDo3kJCjg7e6mXkFbonk,2025-07-08T02:08:19Z,tg:1758611100,https://x.com/i/communities/1942391831875985571,False,Bonk
tg_1758611100_140805,SOL,Nothing,DqRB2BZUfWFX8ZbCQvjWFor8KQTohaiTynSsYafbonk,2025-07-08T03:42:55Z,tg:1758611100,https://x.com/i/communities/1942240899502665750,False,Bonk
tg_1758611100_140807,SOL,Donk,5Psvm4XSKDzFyXykWeYxWUPFgJDfT4EWQMa6mabCbonk,2025-07-08T04:04:36Z,tg:1758611100,https://x.com/i/communities/1942394574061854990,False,Bonk
tg_1758611100_140888,SOL,üî• Pinksale  Spamek,CcjdJbDRF7diEQDd3t9TX3eoshr3SX6BTn9dJsYTB1zp,2025-07-08T12:30:06Z,tg:1758611100,,False,raydium
tg_1758611100_140902,SOL,GOLDI,GUp6rv5emMKS2mSYrYSEVUDSebbNU7Ab6bUFpvuf48nc,2025-07-08T13:46:40Z,tg:1758611100,https://x.com/GOLDI_solana,False,raydium
tg_1758611100_140970,SOL,Bonkfun  GRUG,8MGPXTqSKKMYTe1dpRrBo8FEwM82oxjJL7X5Pahgbonk,2025-07-08T20:08:32Z,tg:1758611100,https://x.com/i/communities/1942714191816843278,False,Bonk
tg_1758611100_141050,SOL,Gob,3xypwTgs9nWgjc6nUBiHmMb36t2PwL3SwCZkEQvW8FTX,2025-07-09T03:59:12Z,tg:1758611100,https://x.com/gobwtf,False,raydium
tg_1758611100_141066,SOL,Naka,6fs6j8pQyGgxJqsBMQE9QWZgqKbBiez87naMPp2Jbonk,2025-07-09T05:11:48Z,tg:1758611100,https://x.com/i/communities/1942702066218197334,False,Bonk
tg_1758611100_141075,SOL,BAGS,JAxs5bCKqAToJHhiJmvrefrizrHTLFnVuSX7gipzbonk,2025-07-09T05:50:30Z,tg:1758611100,,False,Bonk
tg_1758611100_141078,SOL,Shh,92ZcT2413ZboNzdZFzq2mrqXZeu99wc5kx2fgjMgpump,2025-07-09T05:56:46Z,tg:1758611100,https://x.com/i/communities/1939042074759758166,False,Pumpfun
tg_1758611100_141126,SOL,Tinfoil Cult,FjCTpAv1fvQxryWNVkQP1N2XeqkbPwWxgxEftbWPbonk,2025-07-09T10:49:25Z,tg:1758611100,https://x.com/i/communities/1942892291640705334,False,Bonk
tg_1758611100_141146,SOL,STAXX protocol,BJssriYGNkMqLW2MUXxztWYbY3UBF87ZYKq3KDstaxX,2025-07-09T12:18:31Z,tg:1758611100,https://x.com/staxxprotocol,False,raydium
tg_1758611100_141174,SOL,Spamek,Dj2xFMCzDBW1R9zr8eQFApBRxEvR2mF9B85NDceqckw9,2025-07-09T14:00:20Z,tg:1758611100,https://twitter.com/spamek_official,False,raydium
tg_1758611100_141223,SOL,ROGER,8TpHSgXoNdqZnzyHXv5mp7K4kdDgXvuStehkCmTabonk,2025-07-09T19:11:28Z,tg:1758611100,https://x.com/i/communities/1942865353241158070,False,Bonk
tg_1758611100_141234,SOL,X Super Official CEO,cDkTvtXwJLqAS5NqpiwoTT2cbe6GkPBfBwkb5kppump,2025-07-09T20:26:14Z,tg:1758611100,https://x.com/i/communities/1943041593239572955,False,Pumpfun
tg_1758611100_141320,SOL,Oke,GH2rnaLDnkqGAuDyCDAASAVQWUU29rQRzv3LpV1kbonk,2025-07-10T05:06:07Z,tg:1758611100,https://x.com/i/communities/1943161109726232659,False,Bonk
tg_1758611100_141386,SOL,Bonker,CmJWm7B9JrqA5145bCqXMzVDbGfdhaJfVCt474Sebonk,2025-07-10T09:41:04Z,tg:1758611100,,False,Bonk
tg_1758611100_141410,SOL,Hearing things,5quRextWKqwVVAZkVSbWcW4VsJpTefAamsCgC6TPbonk,2025-07-10T11:25:30Z,tg:1758611100,https://x.com/i/communities/1943232161537995127/,False,Bonk
tg_1758611100_141418,SOL,KEPE,8ABRdknr7pgwHL3KQmbWDTENt41BD7bPnAXGdiyGbonk,2025-07-10T11:56:45Z,tg:1758611100,,False,Bonk
tg_1758611100_141427,SOL,Pumpfun  PROVEIT,GgmPbKwv9U6XttGWx2ucmDDKHXPzrU8x4g1yDFVpump,2025-07-10T12:23:07Z,tg:1758611100,https://x.com/i/communities/1943072250988560615,False,Pumpfun
tg_1758611100_141445,SOL,Prelaunch  Grok is this true ?,5HKCLW2Hr3gqvQNfW1tik5q84X1kkF4iSqTsXNTrzvtT,2025-07-10T14:03:38Z,tg:1758611100,https://x.com/TrueOnSolana,False,raydium
tg_1758611100_141464,SOL,BTCM,5d7KcT4aLFx2nyGkRdTHPdeUZMCt8KWnnoFKWh8Dbonk,2025-07-10T15:38:05Z,tg:1758611100,,False,Bonk
tg_1758611100_141493,SOL,Up coin,8eVgWdy5gkoZNeSqRLTjzffGHq8aZQvFxBqbvTXDbonk,2025-07-10T17:42:49Z,tg:1758611100,https://x.com/i/communities/1943361112738795861/,False,Bonk
tg_1758611100_141497,SOL,ASSLANA,J7gaM1P2fVpivP9sRpyno8j6SGwUSffTADnWFQvqpump,2025-07-10T18:09:32Z,tg:1758611100,https://x.com/Asslana_sol,False,Pumpfun
tg_1758611100_141511,SOL,Pumpfun  PawPay,3ZcCgLfDkYsahSFc9CmXBCcRwmYV72MJLURZqQtqpump,2025-07-10T19:09:27Z,tg:1758611100,https://x.com/paw_paysol,False,Pumpfun
tg_1758611100_141553,SOL,Top Coin,5HaQwBuX996CoBZzg2VspBT4sLU8Gx4kzuukGMrBbonk,2025-07-10T22:35:23Z,tg:1758611100,https://x.com/TopCoin_World,False,Bonk
tg_1758611100_141568,SOL,LetsBonk,BntkbCkeJ7rh5njXD3rTLTyEUwV16JrwFBcVQipbonk,2025-07-11T00:05:24Z,tg:1758611100,https://x.com/i/communities/1943378749610676634,False,Bonk
tg_1758611100_141762,SOL,Heaven's Gate,2j5rv4b7io5jPf6MKHokAQghsKBWudFuhz9kL68apump,2025-07-11T17:17:46Z,tg:1758611100,https://x.com/heavensgatesol,False,Pumpfun
tg_1758611100_141787,SOL,Baby PumpFun,FjoHttjKHeuycYZA38xCBeYLyLxuf1tTY72RLackpump,2025-07-11T18:53:50Z,tg:1758611100,https://x.com/Babypumpfun,False,Pumpfun
tg_1758611100_141798,SOL,$POWELL,DLehJ1mGvhq3GCwr3zZMzPxNwutK7bY1DsW9xPbpump,2025-07-11T19:39:05Z,tg:1758611100,https://x.com/WatcherGuru/status/1943750223085355318,False,Pumpfun
tg_1758611100_141804,SOL,BTCH,FGftaHdkbPYoRTPmjd6FQoTwYCxdXrgxezLdtixCpump,2025-07-11T19:54:20Z,tg:1758611100,,False,Pumpfun
tg_1758611100_141818,SOL,R/R,CZQnHH2FHrDyaoh8jRkUmYKhFxXg2dFmWUFELbavbonk,2025-07-11T21:17:03Z,tg:1758611100,https://x.com/iamkadense/status/1943756324803641441,False,Bonk
tg_1758611100_141894,SOL,Bepe,BWLCBrca2iY21gwX4UCjbR9YAjZHxvhzUU1pTCDrbonk,2025-07-12T06:31:46Z,tg:1758611100,https://x.com/i/communities/1943899913760518593,False,Bonk
tg_1758611100_141983,SOL,Nico the Pom,8gej9zsTFxnQF1MRHxpq1swfp9AifxTtuSppbwjubonk,2025-07-12T15:56:40Z,tg:1758611100,https://x.com/i/communities/1944040303435931703,False,Bonk
tg_1758611100_142021,SOL,CRYPTOE,GTLjYQ14NtB4X2ayUnGJRtBFWYDn8X7VgiFBzN7FGwnB,2025-07-12T19:37:41Z,tg:1758611100,https://x.com/elonmusk/status/1943796632577028317,False,raydium
tg_1758611100_142055,SOL,Moon,5nDSCvBxXY7hEsAbpjJr51WaLDDKgmFjNWAc6wD2pump,2025-07-12T23:09:14Z,tg:1758611100,https://x.com/i/communities/1944120310409965694,False,Pumpfun
tg_1758611100_142074,SOL,Netcoin,7nFYpHyhDgzg3ioU2JFko5kaVwm6bjkL4MtbUiVAiYbJ,2025-07-13T01:49:51Z,tg:1758611100,,False,raydium
tg_1758611100_142182,SOL,Gallo the hen,FRsWUe7PUjWgxitDxFhURsHZuemsZwXtqT5R6QvRbonk,2025-07-13T14:23:02Z,tg:1758611100,https://x.com/gallocoinsolana?s=21,False,Bonk
tg_1758611100_142227,SOL,Pumpfun  BongeCoin,FDBUph6yH1AGarwPwBhNWDsWaZb5wPts1VVR8U1Fpump,2025-07-13T17:49:56Z,tg:1758611100,,False,Pumpfun
tg_1758611100_142277,SOL,BABY PEPE,Ey2zpSAJ5gVLfYDD5WjccbksJD3E9jPFMPaJ8wxvpump,2025-07-13T21:29:04Z,tg:1758611100,https://x.com/baby_pepememe,False,Pumpfun
tg_1758611100_142410,SOL,Ani Grok Companion,9tqjeRS1swj36Ee5C1iGiwAxjQJNGAVCzaTLwFY8bonk,2025-07-14T10:47:13Z,tg:1758611100,https://x.com/techdevnotes/status/1944706304594862217,False,Bonk
tg_1758611100_142535,SOL,PUMP,pumpCmXqMfrsAkQ5r49WcJnRayYRqmXz6ae8H7H9Dfn,2025-07-14T19:10:31Z,tg:1758611100,https://x.com/pumpdotfun,False,Pumpfun
tg_1758611100_142537,SOL,Rudi,2rVgh6tcU1Hhk58XwD631E2D6iqLV28prSdpBXaLbonk,2025-07-14T19:13:35Z,tg:1758611100,,False,Bonk
tg_1758611100_142559,SOL,Bad Rudi,777Z92HqqGEav312yx8CfakajosBRFFUMbemyLaqbonk,2025-07-14T20:38:56Z,tg:1758611100,https://x.com/i/communities/1944846278267142328,False,Bonk
tg_1758611100_142578,SOL,Bitty,dTzEP9JU2NRDPuWtM32gaVKip2fTHBqjheU1APBpump,2025-07-14T21:45:24Z,tg:1758611100,,False,Pumpfun
tg_1758611100_142597,SOL,FUCKBONK,G9h69DZAr6zEvrb9Y9DqBx88gC6yE5vapiefk8egpump,2025-07-14T23:00:56Z,tg:1758611100,https://x.com/johnsoncooks101/status/1944503392895717574?s=46,False,Pumpfun
tg_1758611100_142607,SOL,Pepe,CjoGpiBeaX9xQPhNfUcU617GqZK8tehVED9sJYe3Vray,2025-07-14T23:40:32Z,tg:1758611100,https://x.com/i/communities/1944898459376533856,False,raydium
tg_1758611100_142729,SOL,Bonk   Baby Ani Model,4bFjaiJuNiZqhpzQT9qHugJtQ48d8uwJud4e69gmbonk,2025-07-15T12:24:59Z,tg:1758611100,https://x.com/i/communities/1945050163241800085,False,Bonk
tg_1758611100_142764,SOL,Rollsafe,Eb7Wq4Ad3icPUtbNCFAmmGQcmjvNAswjPabki1qgpump,2025-07-15T15:01:53Z,tg:1758611100,,False,Pumpfun
tg_1758611100_142771,SOL,Retailcoin,GXyAcL6QPrmdZXGga9cVuSqhmmDSXgapW6F6hzoVbonk,2025-07-15T15:25:26Z,tg:1758611100,https://x.com/i/communities/1945102134724198480,False,Bonk
tg_1758611100_142775,SOL,Toxic Aura,7xtmqMaVifpUEhvYzTPgJcU6N4eoCrDVcNEKPEi2pump,2025-07-15T15:45:26Z,tg:1758611100,https://x.com/hazardcto1?s=11,False,Pumpfun
tg_1758611100_142905,SOL,Useful Coin,HD3JBABeFkdZwUgKwhwJYqjLNrPWXEaDVfH4uMqRpump,2025-07-16T04:38:12Z,tg:1758611100,https://x.com/i/communities/1942957607154827767,False,Pumpfun
tg_1758611100_142911,SOL,Sybau,DFCYkvCjoJdse64BkbJRE8AdCWZsAz7K4vaGdGRCpump,2025-07-16T04:57:09Z,tg:1758611100,https://x.com/i/communities/1945326573176922502,False,Pumpfun
tg_1758611100_142931,SOL,Forward,CuWokSWLxxQKVxTx51qA9d9QyAggUfKj6Ji6kkGmbonk,2025-07-16T06:29:51Z,tg:1758611100,https://x.com/theunipcs/status/1945181472035402036,False,Bonk
tg_1758611100_142981,SOL,Taki Grok Companion,5GasK5s5TiCEPHGscEL4dYST65pxMXPeZMjpZuVTbonk,2025-07-16T10:45:41Z,tg:1758611100,https://x.com/elonmusk/status/1945409805298086153?s=46,False,Bonk
tg_1758611100_143003,SOL,Pumped,nH84csbpGKuhiQy1J6GKeCL9CwnUweJVZdZULyRpump,2025-07-16T11:52:05Z,tg:1758611100,https://x.com/pumpmymoney,False,Pumpfun
tg_1758611100_143023,SOL,Dominus,CffTf8NJJ6NNthsGrBDBQ9cZJ21DBenFQXwFs9Mtbonk,2025-07-16T14:00:05Z,tg:1758611100,https://x.com/i/communities/1945158998501863828,False,Bonk
tg_1758611100_143060,SOL,Giga Bonk,9ewgpyWmxCD4kyKioFspYXdk2gTXAwu56Pz89zFsbonk,2025-07-16T17:34:57Z,tg:1758611100,https://x.com/i/communities/1945434917040701815,False,Bonk
tg_1758611100_143074,SOL,AiOShi Apple Companion,jZGmEwwaW94iiU32wa6RADgVEhdpQpa6MtGERfJpump,2025-07-16T19:01:35Z,tg:1758611100,https://x.com/AiOShiSol,False,Pumpfun
tg_1758611100_143205,SOL,GoodRudi,FT8X8hqoEwNT8UifNL3ppPbpccf7mnuNLpJsszv7AFHW,2025-07-17T06:13:43Z,tg:1758611100,https://x.com/i/communities/1945434026950475882,False,raydium
tg_1758611100_143232,SOL,Update  Valentine,9GtvcnDUvGsuibktxiMjLQ2yyBq5akUahuBs8yANbonk,2025-07-17T07:56:04Z,tg:1758611100,https://x.com/i/communities/1945747807891079458/,False,Bonk
tg_1758611100_143245,SOL,Stranger in a strange land,9QyLyjvypx53YJnicSGY7LeTxypHPVbMZnuyATNibonk,2025-07-17T08:39:17Z,tg:1758611100,https://x.com/elonmusk/status/1945744030064935105,False,Bonk
tg_1758611100_143333,SOL,SOME COIN,HRcgvea3PdKqPY2XzEjjYkQgKbcsCQvMBkZQkecbonk,2025-07-17T16:13:43Z,tg:1758611100,https://x.com/CoinCalledSome,False,Bonk
tg_1758611100_143343,SOL,Bonk  AniRudiValentineAiOShi69SOL,H19CQMbgrhQoivhYgKyoLuT4WsEwBKY9rmxTPRkibonk,2025-07-17T17:18:45Z,tg:1758611100,https://x.com/companionsolana,False,Bonk
tg_1758611100_143374,SOL,Poopfun,BgCz2hYh4nnziGacRLv3pfzwAL9Wt3bVc1jmUJGxpump,2025-07-17T19:55:39Z,tg:1758611100,https://x.com/poopfunmeme,False,Pumpfun
tg_1758611100_143536,SOL,no name,8vUMf7qEThPQVctatG2c66rycPBo5KbjxLQYc8Mobonk,2025-07-18T11:15:44Z,tg:1758611100,https://x.com/i/communities/1946152877443162277,False,Bonk
tg_1758611100_143578,SOL,Evilgrok,49rvGwnQVp2DcmgvaPgPK8JBXRZcSfjMkzapq7Cqpump,2025-07-18T14:28:46Z,tg:1758611100,https://x.com/evilgroksol,False,Pumpfun
tg_1758611100_143606,SOL,Boleniens Bones,HEqPDaRLn9jF3Lt7r7Vf2n3g5DAJqtBfxF2XMKS3xAxK,2025-07-18T17:14:32Z,tg:1758611100,,False,raydium
tg_1758611100_143620,SOL,X Vine,CN2G2H8vvLgHxDo9SDb5SJsdTDvC2tD9fZpEdqsnpump,2025-07-18T18:37:36Z,tg:1758611100,https://x.com/xvine_solana?s=21,False,Pumpfun
tg_1758611100_143656,SOL,Voidify,J2bUGZDxRDpsVfjZqKwn6yYCUKFmqzHgt8UajhGtpump,2025-07-18T21:46:20Z,tg:1758611100,,False,Pumpfun
tg_1758611100_143751,SOL,SLEEPLESS COIN,4SngaZ3N9ELjCqh6P3MeA3r4Hi2Dx1MDn2H4ijcDbonk,2025-07-19T10:04:18Z,tg:1758611100,https://x.com/i/communities/1946496675012297115,False,Bonk
tg_1758611100_143802,SOL,AltSeason,12XvRbmvA3AY8La3brnQGcMR5HBp7Cn3Fxc5kKiQ86FY,2025-07-19T15:21:48Z,tg:1758611100,https://x.com/i/communities/1946256884094181435,False,raydium
tg_1758611100_143807,SOL,Pumpfun  SenaraFlow,4CPgAsxg7mEfGCobyk7NnCbwvG1sweGsM36V3zukpump,2025-07-19T15:39:05Z,tg:1758611100,https://x.com/SenaraFlow,False,Pumpfun
tg_1758611100_143821,SOL,Pumpfun  FONK,8fRWphActZHjcWeUah29krWie1Bf8L1X5RjycMWykMhh,2025-07-19T16:47:13Z,tg:1758611100,https://x.com/FONKOfficial,False,raydium
tg_1758611100_144043,SOL,Kovu The Husky,2H5gDNyUAW11MAAyVJmTT4mKEvXzJ4odMHhRZXZDbonk,2025-07-20T16:51:57Z,tg:1758611100,https://x.com/i/communities/1946901771328315890,False,Bonk
tg_1758611100_144064,SOL,Haru,58p9vpRksENjHQLeeBPvr4KQ98AY8W26fJpj3j8abonk,2025-07-20T19:44:43Z,tg:1758611100,,False,Bonk
tg_1758611100_144079,SOL,Doge Grok Companion,5bXVGNnGhCFAK9KPh1S9whFkhVxZy1mREWFbqB499xUP,2025-07-20T21:32:21Z,tg:1758611100,,False,raydium
tg_1758611100_144091,SOL,Tako,GKkZ6bSRmyUVMD2ur9kqxEokHSrDLkZ7oqXUstJDpump,2025-07-20T22:58:39Z,tg:1758611100,https://x.com/Sp4wn_sol/status/1945764389346513376,False,Pumpfun
tg_1758611100_144197,SOL,bonk  Bit,96U2q6WRoRCVyX73AcZZdWfYutxdZuxB2GsxioK3bonk,2025-07-21T11:13:55Z,tg:1758611100,https://x.com/bit_S0lana,False,Bonk
tg_1758611100_144259,SOL,Bonk  BONK6900,CpP7Jq67B3z8w3RwmGVhqkVrSaivsy2VML8K1xLvbonk,2025-07-21T16:29:21Z,tg:1758611100,,False,Bonk
tg_1758611100_144268,SOL,SOLCHAN,FPyKsqnJGWozeVk2VPPhD7Tcbh98TMJ5LTZ5WzB4bonk,2025-07-21T17:22:20Z,tg:1758611100,,False,Bonk
tg_1758611100_144275,SOL,ONLYUP COIN,A5Q2Hb41mFr7oCKurLZc3hrtB5ZAS8R7njxeWexu1bS,2025-07-21T17:51:46Z,tg:1758611100,https://x.com/i/communities/1947317902056501674,False,raydium
tg_1758611100_144371,SOL,Year of the Bonk,GKKwq9dGr367VzZUBuC7w4n75V5LfewgU5fyqLGbonk,2025-07-22T04:10:22Z,tg:1758611100,https://x.com/i/communities/1947353787037061437,False,Bonk
tg_1758611100_144400,SOL,Bonkius Maximus,5PhqpvXQPRZ92s1Cb6MhavtpgHxCfJc5ETfcqnWmbonk,2025-07-22T07:40:54Z,tg:1758611100,https://x.com/i/communities/1947534519445213357,False,Bonk
tg_1758611100_144443,SOL,Tokemi,88HPgV4Bp6ZrhgUrm2YmaB8XBrXNYDWMxLPzRH9W3GP6,2025-07-22T13:39:11Z,tg:1758611100,https://x.com/tokemicom,False,raydium
tg_1758611100_144461,SOL,Bonk  Purple BONK,8taCypxnmozRAYP5TyUhrDjgQzrwWMsuwRMeR4hUbonk,2025-07-22T16:03:03Z,tg:1758611100,https://x.com/PurpleBonkCoin,False,Bonk
tg_1758611100_144466,SOL,Pumpfun  StillBit,4MuJzY1cewycufnhwiWEshUMJ1tp5Dt2hnLsdLj8pump,2025-07-22T16:21:40Z,tg:1758611100,https://x.com/StillbitLab,False,Pumpfun
tg_1758611100_144483,SOL,Cate,6opdPfd5dbkaxihfV9PQ4hudTqDgwxKqC9GKuvc4bonk,2025-07-22T18:31:46Z,tg:1758611100,https://x.com/i/communities/1947708869205233804,False,Bonk
tg_1758611100_144519,SOL,Trenchipedia,9KJeYP719xYGk7XoBC4pYPrHHcwCG1h6xPyPXKbKbonk,2025-07-22T21:24:43Z,tg:1758611100,https://x.com/TrenchiPedia,False,Bonk
tg_1758611100_144576,SOL,Whites,ECyfEnjvq4Ho9nak5uirfEAaomC4Qw4SWp5Qt72Zpump,2025-07-23T04:08:59Z,tg:1758611100,https://x.com/oodhamboi/status/1947509450958639396?s=46,False,Pumpfun
tg_1758611100_144587,SOL,SSX,2EyNf2PCNT7eQ9ag1RDXw3qn3Cy22WdTA9T6HKDebonk,2025-07-23T05:33:31Z,tg:1758611100,https://x.com/SolanaStockIndx,False,Bonk
tg_1758611100_144624,SOL,Mega Dragonite,wq4n4P5XM8zzHLW12r7Q7oLHzWBFo5x1vtatHoYbonk,2025-07-23T10:09:07Z,tg:1758611100,https://x.com/i/communities/1947957078523290055,False,Bonk
tg_1758611100_144641,SOL,Totakeke,WegbqPo2VVrUbU48f5qNaEcB26jZziWAYaEsECZbonk,2025-07-23T11:56:21Z,tg:1758611100,https://x.com/totakeke1681719,False,Bonk
tg_1758611100_144645,SOL,Yachtcoin,uesmNgPq8dSxGg8QvukAVo6CkJg89QS1UFs8Levbonk,2025-07-23T12:29:59Z,tg:1758611100,https://x.com/i/communities/1947995029097553985,False,Bonk
tg_1758611100_144656,SOL,PIPI,8iFHVfncntRWLQ17ji7URiDaCj1oBeSYmkWCN4Xvbonk,2025-07-23T13:32:35Z,tg:1758611100,https://x.com/Pipi_S0L,False,Bonk
tg_1758611100_144658,SOL,Just a shit coin,6RZJS2fgFrJmS7yhD6GY2STaEZP9PpKZfXuwZttCbonk,2025-07-23T13:43:42Z,tg:1758611100,https://x.com/justshitcoinsol,False,Bonk
tg_1758611100_144682,SOL,SwarmOS,F9DsCxRjqV2RnPckHCcoAw2UPcjtB7uFjuJHXPRabtDD,2025-07-23T16:32:43Z,tg:1758611100,https://x.com/SwarmOSai/status/1948051160268476847,False,raydium
tg_1758611100_144701,SOL,Baby Grok Companion,7QoiarUMRWZk4J3SxjYeuqeS2pPrKD9cMqEoC4fDLDwT,2025-07-23T18:18:26Z,tg:1758611100,https://x.com/teslaownersSV/status/1948078232588394938,False,raydium
tg_1758611100_144735,SOL,Siu Pak Bubi,7mTo4k5oAk7drvGKK8axo1zP2WruAHVPp4zsgcoBbonk,2025-07-23T22:24:33Z,tg:1758611100,,False,Bonk
tg_1758611100_144839,SOL,Survive,NLMYNpjYVnYnq8rjwC9rKXgpMhg5MtQUUmwVBiAbonk,2025-07-24T14:03:42Z,tg:1758611100,https://x.com/i/communities/1948372755964928216,False,Bonk
tg_1758611100_144841,SOL,Bonk  First vine video,Hc9z2EzhqhaoudgarLP6uc16AXENNpyf7mjNqnrsbonk,2025-07-24T14:22:30Z,tg:1758611100,,False,Bonk
tg_1758611100_144844,SOL,ACT C : The Creation Of Memes,87egPM7xbFTC2yu2j6mpDwF48AxpYUUsDXfCoXobonk,2025-07-24T14:29:53Z,tg:1758611100,https://x.com/i/communities/1948377516781224259,False,Bonk
tg_1758611100_144864,SOL,Bonk  hotdoge,GFTjnyKUCS4xQ5eckNFycGNsMimXUBmq4WDdFMEpbonk,2025-07-24T16:14:23Z,tg:1758611100,,False,Bonk
tg_1758611100_144942,SOL,Green,3hrGWXzgQzAikcG6rerG45tK7KLYw2dZ84owWJ14bonk,2025-07-25T02:06:55Z,tg:1758611100,https://x.com/i/communities/1948147439174885420,False,Bonk
tg_1758611100_145038,SOL,Bull Market Coin,5cBPkTSaQ2UnPG7xLccQHYs3Sv6QFrAnEFgjsgVVbonk,2025-07-25T13:38:31Z,tg:1758611100,https://x.com/BullMarketSol,False,Bonk
tg_1758611100_145043,SOL,üî• Pinksale  Nostradamus,BxbRR9VvoNkpSme95TsKMLTCpaxnQciWxseXQs9j2MZB,2025-07-25T14:02:01Z,tg:1758611100,,False,raydium
tg_1758611100_145047,SOL,BONKtoshi Nakamoto,Hb6hSPVgBgThh8R2Et9J4FoF59RBcgc2YHCvzK4Mbonk,2025-07-25T14:26:54Z,tg:1758611100,https://x.com/i/communities/1948717583173386563,False,Bonk
tg_1758611100_145096,SOL,Doggo,MyBBADbeeJKqLAk7KJcLGg8tWtEPRmFjE1Uo4KSbonk,2025-07-25T19:49:04Z,tg:1758611100,https://x.com/i/communities/1948821611185922418,False,Bonk
tg_1758611100_145113,SOL,FONK,FMimSfAe49ahHzSuqYoimYra1z6ZVoy7iD2aW2Znpump,2025-07-25T21:48:52Z,tg:1758611100,https://x.com/fonkofficial,False,Pumpfun
tg_1758611100_145237,SOL,Bonk Army,GMLEFvNsZ8WgZuewxVqdT2reNgABdfVPnjWsjmm6bonk,2025-07-26T12:52:41Z,tg:1758611100,https://x.com/i/communities/1948851785696731415,False,Bonk
tg_1758611100_145255,SOL,Bonkless,9A6AHy9wDL5T77wfWdWRbSmpfzE8Te7z1VXSPD5Ybonk,2025-07-26T15:20:56Z,tg:1758611100,https://x.com/i/communities/1949100057866719578,False,Bonk
tg_1758611100_145314,SOL,Bonk Pepe,PJgf9qfRsCneTGg1W1bvSzeJHQxD8Xtv7N9jq9ybonk,2025-07-26T20:42:30Z,tg:1758611100,https://x.com/BonkPepeSolana,False,Bonk
tg_1758611100_145328,SOL,Tea Spill,xo8qqdpDR3eowTeSmw362sDaWQZZo5ZfA5ThYE3bonk,2025-07-26T22:15:58Z,tg:1758611100,,False,Bonk
tg_1758611100_145330,SOL,Gold Pengu,R5CmN2uuBrZLKfNxi7BQyFzoQDJY4HanXUTr7Mabonk,2025-07-26T22:24:03Z,tg:1758611100,https://x.com/gpenguofficial,False,Bonk
tg_1758611100_145415,SOL,Paper Bag,EXdq6GgKTNGQiMyW3s61CwV9meTEdPM5Yd1EpdoXBAGS,2025-07-27T08:54:24Z,tg:1758611100,https://x.com/i/communities/1949217067086823713,False,bags
tg_1758611100_145428,SOL,LabuBonk,5JpzTVD1iXJTKrXVV2s2NJa9h7Qvazf16tcuFtCrbonk,2025-07-27T10:21:13Z,tg:1758611100,https://x.com/i/communities/1949386768312340790,False,Bonk
tg_1758611100_145434,SOL,TGM,HY9af7cfvWjyWVxc6mUcqVt4be1NWk2TawjwuSbujups,2025-07-27T10:46:03Z,tg:1758611100,https://x.com/i/communities/1949148991368687818,False,raydium
tg_1758611100_145481,SOL,Retarded Bonk,Ym9vP7cxmQRM3ViBEQXn4HoJwxxJnG17bKQqrPSbonk,2025-07-27T15:50:47Z,tg:1758611100,https://x.com/Retardedbonksol,False,Bonk
tg_1758611100_145532,SOL,Just a chill bonk,A1PzSbzZpKi1TAkeo3pAdNd1h7oSHseJtbMTAguZbonk,2025-07-27T20:50:31Z,tg:1758611100,https://x.com/Justachillbonk,False,Bonk
tg_1758611100_145549,SOL,1kto100M,2oe456vwiJgoC2Khigh4Be8qWc46Aw5YCLXPJdY6jups,2025-07-27T22:24:01Z,tg:1758611100,https://x.com/i/communities/1949587337802846661,False,raydium
tg_1758611100_145594,SOL,RugProof,6YGmqZ8i3b4TrDDh5mqComviPUKpwGWTyfFNoWfctech,2025-07-28T04:11:45Z,tg:1758611100,,False,raydium
tg_1758611100_145660,SOL,SHIBURAI,9oRotoLST2BTttG3AybA6W9jocZ83pUYJFtoRYtmbonk,2025-07-28T12:00:05Z,tg:1758611100,https://x.com/ShiburaiXYZ,False,Bonk
tg_1758611100_145671,SOL,üî• Pinksale  Nostradamus,BxbRR9VvoNkpSme95TsKMLTCpaxnQciWxseXQs9j2MZB,2025-07-28T13:00:47Z,tg:1758611100,,False,raydium
tg_1758611100_145672,SOL,Fart Bonk,CS2Kw9WfbTQPkKUNo8YY4MuwdwJ36KVb65cnYiAmbonk,2025-07-28T13:04:16Z,tg:1758611100,https://x.com/i/communities/1949784702757540007,False,Bonk
tg_1758611100_145679,SOL,Gud coin,12uVgtcRomb816JZ9Fo3x6YRi6kFpuuoViXcrGCXbonk,2025-07-28T13:35:20Z,tg:1758611100,https://x.com/i/communities/1949816431127711754,False,Bonk
tg_1758611100_145694,SOL,Bonk  Doge 6900,9NhYpqcWZ8TUkZWCAVmSua231GF9vX5t1LFndFKH1ray,2025-07-28T14:47:11Z,tg:1758611100,https://x.com/Doge6900sol,False,raydium
tg_1758611100_145715,SOL,SUPERBONK,Ai7JQ5n6gAB5U8FYtDd8UvYcJbmHYpAFDUbtwmtsbonk,2025-07-28T16:48:06Z,tg:1758611100,https://x.com/Superbonkcoin,False,Bonk
tg_1758611100_145726,SOL,Bonk  SHIBONK,292W5VomJWkz6mSGyMdbscdLATUsssPhRaRE6EKeqray,2025-07-28T17:42:23Z,tg:1758611100,,False,raydium
tg_1758611100_145746,SOL,Bellscoin,Fb9KcifPdt2JUcep1R7FXi2ZfVSsnQwNSME7pfdNbonk,2025-07-28T19:10:12Z,tg:1758611100,https://x.com/Bellscoin_onSol,False,Bonk
tg_1758611100_145769,SOL,Jailbanks,68JeWepG7XjSxNhJHzTwqbFgCsv7SCV8B2qFCJjim2qQ,2025-07-28T21:06:05Z,tg:1758611100,https://x.com/i/communities/1949932866860916781,False,raydium
tg_1758611100_145773,SOL,Baby Bonk,4tP6ytvU3sFyB9BrqM48eX2M3N6DrmNMk89rwrfsbonk,2025-07-28T21:40:22Z,tg:1758611100,,False,Bonk
tg_1758611100_145848,SOL,Neuralink Dog,AyNN9iwxJWwJSF9wZmcC4W4Au4Zzc3F9eZWYGccFbonK,2025-07-29T06:37:55Z,tg:1758611100,,False,Bonk
tg_1758611100_145856,SOL,Bucky,7hZmPPkBDYbFpvzQW54sX3DQHQjEVsVcCFRWsvCdbonk,2025-07-29T07:05:48Z,tg:1758611100,https://x.com/i/communities/1950071281442795916,False,Bonk
tg_1758611100_145915,SOL,Study,7nVqEn9XabTLVs8q1xrZ2nC9bUEtAkSnGomkoNvdpump,2025-07-29T12:46:58Z,tg:1758611100,https://x.com/i/communities/1950184349556441148/,False,Pumpfun
tg_1758611100_145934,SOL,Phantom,U1si3qVkkTekyoct7BBrk2uqE6b1Qraj8VhvcpzBonk,2025-07-29T14:41:10Z,tg:1758611100,,False,Bonk
tg_1758611100_145949,SOL,Bonk of Wall Street,FVq8zWm8wZtCEyuq7kTA4de3WYngqbHn5wFwvZNUbonk,2025-07-29T15:40:04Z,tg:1758611100,https://x.com/i/communities/1950193643790201179,False,Bonk
tg_1758611100_145966,SOL,pumpcat,jzwMFmSjLWsFBFAd8dspYPofP4Q613rqtrNQiAopump,2025-07-29T17:22:22Z,tg:1758611100,https://x.com/i/communities/1950236015945253045,False,Pumpfun
tg_1758611100_145992,SOL,Grok Imagine,nWPwMoa1hodu3QJ3gY6btcy3zG4AtV24CV67YtYbonk,2025-07-29T19:12:00Z,tg:1758611100,https://x.com/i/communities/1950267799248499085,False,Bonk
tg_1758611100_146073,SOL,TISM,2qqJLwt3DyYCjMVPKbfEmXSrHJqaVvaR4AbgfDXDbonk,2025-07-30T02:02:46Z,tg:1758611100,https://x.com/tismishere,False,Bonk
tg_1758611100_146114,SOL,Racist,3LefwhxAyqzvre7wEwDHc7L6i3SR8HKQP6CgcqE7pump,2025-07-30T06:09:08Z,tg:1758611100,https://x.com/i/communities/1950423917039903159,False,Pumpfun
tg_1758611100_146184,SOL,JAPANESE BONK,5BPXFgyZMxVuFsNrwyxj2b9qLxHGXKccER5eEXkBbonk,2025-07-30T14:19:21Z,tg:1758611100,https://twitter.com/i/communities/1950538100980973727,False,Bonk
tg_1758611100_146208,SOL,Bonk Finance,ENDcBXTHipxJjV1XgV7XjQ3fAXUTFioErPZme8WHbonk,2025-07-30T16:21:27Z,tg:1758611100,https://x.com/BonkFinance_,False,Bonk
tg_1758611100_146215,SOL,Bwonk,CnrQBtvFnxJ4tWPzU1sihnd2ExJW2kDrm5s1s9h5bonk,2025-07-30T17:05:30Z,tg:1758611100,https://x.com/i/communities/1950596585441861740/,False,Bonk
tg_1758611100_146220,SOL,Crypto,EVzxc2yhJS1gBEceQ15jNJmGzYF4xLy7X9gVMsnxJPkD,2025-07-30T17:46:24Z,tg:1758611100,https://x.com/i/communities/1950608945774485591,False,raydium
tg_1758611100_146222,SOL,ICE,BcDmwq9cm8RoYEFTGTbAy2cwgSGx2sineiEFpyUvbonk,2025-07-30T17:52:37Z,tg:1758611100,https://x.com/theicetoken,False,Bonk
tg_1758611100_146268,SOL,Smokey,CHUZFwddUbBeVV1GfrMhcXgGAjw6q2xpZ2MtKUpqpump,2025-07-30T22:21:50Z,tg:1758611100,https://x.com/smokeycoinoff,False,Pumpfun
tg_1758611100_146277,SOL,Venis,2x6ENQYQsHdqM2KQAPxyhiFq7meevGsL26g5JVy7jups,2025-07-30T23:24:12Z,tg:1758611100,https://x.com/i/communities/1950619916618612740,False,raydium
tg_1758611100_146297,SOL,Hack.fun,8hqRjwZttAcgxrH9hmNpDbKaiWYTmeu9nME7cKph8SJa,2025-07-31T01:35:41Z,tg:1758611100,,False,raydium
tg_1758611100_146310,SOL,Aped,ATjkcnmi2nBLYy5KPJNUNDf1U47jzM7cwBYC1Dk7bonk,2025-07-31T02:54:53Z,tg:1758611100,https://x.com/i/communities/1950717763703439839,False,Bonk
tg_1758611100_146316,SOL,Bundle,YJWeeW5JBAQJuBrPLZxb42UeFMAAGtfC4NDvNRPbonk,2025-07-31T03:25:22Z,tg:1758611100,https://x.com/Bundle_Bonk,False,Bonk
tg_1758611100_146374,SOL,ligma,E4UpNxFEPghcMaVJvpZrEZBLGietafZW2a3ARbSobonk,2025-07-31T08:35:24Z,tg:1758611100,https://x.com/ligmaonsolana,False,Bonk
tg_1758611100_146388,SOL,Bonk  $SSELESU,DKhjBLc9Ej8QL9WH5A7tjDPbHeCtn5FW7gmHUyJxbonk,2025-07-31T09:38:36Z,tg:1758611100,https://x.com/OTCsselesU,False,Bonk
tg_1758611100_146391,SOL,üî• Pinksale  Nostradamus,E4x2n6RLMPTjw3vqkCxZkEgiQXhDEHHByvwUWttL1uuD,2025-07-31T09:56:01Z,tg:1758611100,https://x.com/SeerNostradamus,False,raydium
tg_1758611100_146400,SOL,Great Jeans,WqDU85BmY67YdjGYNnasVbYMBGtikWAuPfPG5k3bonk,2025-07-31T11:15:33Z,tg:1758611100,https://x.com/GreatJeansCTO,False,Bonk
tg_1758611100_146426,SOL,The Order of the Bonk,Dj2GiEWJ4pG9RrF1TKg1RJNCKyq29N6AjE32gasWbonk,2025-07-31T13:56:58Z,tg:1758611100,https://x.com/i/communities/1950546859422061044,False,Bonk
tg_1758611100_146448,SOL,Bonk  GRAB,Cu5UisoER8Nhm88fduNvMVedEw7bdkkFNhXBh4rVbonk,2025-07-31T15:32:42Z,tg:1758611100,https://x.com/grabtokensolana,False,Bonk
tg_1758611100_146456,SOL,So Lana,G5ksLbDTBRoccDe3mWqodJs2ggDSgEEXRmCEEzRbbonk,2025-07-31T16:16:42Z,tg:1758611100,https://twitter.com/i/communities/1950171875113406579,False,Bonk
tg_1758611100_146590,SOL,ExitValley,76HyhyHuHdm1VuvLSfBqorfCZN8sNRFHjccMdRksbonk,2025-08-01T06:06:23Z,tg:1758611100,https://x.com/exitvalleysol,False,Bonk
tg_1758611100_146613,SOL,Bonk  Finally Usable Crypto Karma,3akGxRigg7eJRpaWUSqwmjTVAMFyPzxz2NdeHvdRbonk,2025-08-01T08:59:52Z,tg:1758611100,https://x.com/Fuckonbonk,False,Bonk
tg_1758611100_146668,SOL,GPT5,ySqdHx6No1UTuGpEm2QoS6e2zwbRdQsCeC3PRrvbonk,2025-08-01T14:55:03Z,tg:1758611100,https://x.com/i/communities/1951239290169467087,False,Bonk
tg_1758611100_146730,SOL,SNP500,ATEe3MqHCzy4dKMm9DgCvd2cYBKxMTCPPb1ZnLnmbonk,2025-08-01T21:32:21Z,tg:1758611100,https://x.com/i/communities/1951375324345933977,False,Bonk
tg_1758611100_146929,SOL,Wako,6xUYNCTUSAWDz7DThjJ2GoyqBA4g8mCgBvM6cYKXbonk,2025-08-02T20:56:08Z,tg:1758611100,https://x.com/i/communities/1910793273712533518,False,Bonk
tg_1758611100_146993,SOL,Bagsy,BZgQtoCaEj6aciT7sT1V7tnZtAkjMPb92VAXEPxABAGS,2025-08-03T05:09:45Z,tg:1758611100,https://x.com/sol_idness?s=21,False,bags
tg_1758611100_146998,SOL,SEX,5v4CNUhnAq4kdCRkje3vP9VN9eq7s8tQakjP2bmobonk,2025-08-03T05:35:51Z,tg:1758611100,https://x.com/i/communities/1951823326109909003,False,Bonk
tg_1758611100_147009,SOL,Fartless,FyrBf5xKg5EwKZ9pHvSpJeLLuCWBicTpm3VvZcsibonk,2025-08-03T07:08:16Z,tg:1758611100,https://x.com/truth_terminal/status/1951883325242568794,False,Bonk
tg_1758611100_147053,SOL,Buttcorn,GbCmr4N2TMR1p3AHf9BqqAU8CVjkyDdAyAnmoNqBbonk,2025-08-03T12:31:40Z,tg:1758611100,https://x.com/ButtcornOnX,False,Bonk
tg_1758611100_147095,SOL,Baby Motherlode,848hW1WMj417HSHRY9CGpEHXCs5jo33bZ95BFs8ibonk,2025-08-03T16:32:53Z,tg:1758611100,https://x.com/elonmusk/status/1951974374984364206,False,Bonk
tg_1758611100_147113,SOL,Rage Guy,5oJEpN4iJpy2Tp3FQbSgibvHuTF3H2tUXw46dqj2bonk,2025-08-03T18:18:31Z,tg:1758611100,,False,Bonk
tg_1758611100_147214,SOL,Brainless,4K1xjc5Vg2T7bB46smbY915CKZroEb4z6Q1MTXRVbonk,2025-08-04T05:25:08Z,tg:1758611100,https://x.com/i/communities/1952230865175564534,False,Bonk
tg_1758611100_147338,SOL,Smug Geoff,HmkHT8LWueZZRnVBGh2VcDg3K9qunF1kfa4u31bJbonk,2025-08-04T18:32:29Z,tg:1758611100,https://x.com/i/communities/1952418531104186460/,False,Bonk
tg_1758611100_147393,SOL,Brap,6Qvx8MtXnNma5ir7CWwRmVotzJMz9qvpBcSyfyrTbonk,2025-08-05T01:35:01Z,tg:1758611100,https://x.com/i/communities/1952517862117290488,False,Bonk
tg_1758611100_147422,SOL,Trust,9DdtnmX9ziRM8LMXmy12dHyZeTFMbSjVfQV63eaCbonk,2025-08-05T04:23:00Z,tg:1758611100,https://x.com/i/communities/1950243327762452923,False,Bonk
tg_1758611100_147434,SOL,Dollo,5EaYZcaKfTVdpQ2avVtJ7BNWJ1Rnj86F1dWxppawpump,2025-08-05T06:00:51Z,tg:1758611100,https://x.com/dolloallin,False,Pumpfun
tg_1758611100_147448,SOL,SEXCOIN,GbzLdAPEJU3fLtSvkPxo8U6pHFhjpACiPWMSv69Mbonk,2025-08-05T07:47:19Z,tg:1758611100,https://x.com/i/communities/1952634406637875612,False,Bonk
tg_1758611100_147481,SOL,dickbutt,SBYS2yTH988WFCKUfDzXz26rtHmKBgMhxJ99Tjpbonk,2025-08-05T11:26:29Z,tg:1758611100,https://x.com/i/communities/1952672392997671068,False,Bonk
tg_1758611100_147484,SOL,Bonk  Bonk Matrix,6xhdy3ENzdX6riwsbz7wFmXiop2A6nvE4PZ9MrWfbonk,2025-08-05T11:44:32Z,tg:1758611100,https://x.com/i/communities/1952670604810731781,False,Bonk
tg_1758611100_147506,SOL,CHAOS DAY,J3Jwxa97BxMhPQZodg3Z21QhhtLtvEjUx4JoNwEYpump,2025-08-05T13:20:16Z,tg:1758611100,https://x.com/chaosday_,False,Pumpfun
tg_1758611100_147570,SOL,South Park Trump,GEii6xM39nC5MUfZvrJkU5f4feFX46hSLaajzuPTbonk,2025-08-05T19:12:07Z,tg:1758611100,https://x.com/i/communities/1948411512491491346,False,Bonk
tg_1758611100_147601,SOL,Yagi,GdZEGK9Dv61EbpJ8fYnJZcnJvmhwF6uS6mVVkSfSbonk,2025-08-05T21:34:57Z,tg:1758611100,,False,Bonk
tg_1758611100_147656,SOL,Tom,w4RcB3a3doffaVbkdq64uzLto6jTe8A9brkdePSpump,2025-08-06T04:12:43Z,tg:1758611100,,False,Pumpfun
tg_1758611100_147681,SOL,BOSS,GUy9Tu8YtvvHoL3DcXLJxXvEN8PqEus6mWQUEchcbonk,2025-08-06T06:56:47Z,tg:1758611100,https://x.com/bossonbonk,False,Bonk
tg_1758611100_147703,SOL,Inutards,AjfpaByYw3bJh7QobL6z4teZHYAcRSfV1yRCehsYbonk,2025-08-06T08:59:25Z,tg:1758611100,https://x.com/inutards,False,Bonk
tg_1758611100_147743,SOL,TROLGA,Bj8yqpGGJ4izJrUtUoVG27vTBDVaUYkWGfhoqSwBpump,2025-08-06T12:24:34Z,tg:1758611100,https://x.com/i/communities/1953039668758626791,False,Pumpfun
tg_1758611100_147747,SOL,poker face,1iVeXsBUZE31YkwmoP6LWCx7FCxB64z5Sqiims6bonk,2025-08-06T12:58:30Z,tg:1758611100,https://x.com/i/communities/1953032016049361121,False,Bonk
tg_1758611100_147753,SOL,Pepe,AGF2AW8nosA9rDxgfkHpqN5tTxoqBPreS5MqhRxxzg6i,2025-08-06T13:14:55Z,tg:1758611100,,False,raydium
tg_1758611100_147805,SOL,ZONK,77GjN2S4wwYsL3XCqQSFFcduh8jGPWtV8zUroMnFbonk,2025-08-06T18:12:41Z,tg:1758611100,https://x.com/zonktheeviltwin,False,Bonk
tg_1758611100_147821,SOL,Me Gusta,Bb5DTomqzRG7s475rtB55HyzRvjAG1V1xNyqd2QxThTi,2025-08-06T19:22:07Z,tg:1758611100,https://x.com/i/communities/1953112600696246705,False,raydium
tg_1758611100_147854,SOL,Slap,niDAn9HjghrQSBoftVgtLHRFZW3Ln2BeiHU5y3bSLAP,2025-08-06T23:08:20Z,tg:1758611100,,False,raydium
tg_1758611100_147876,SOL,Wplace,8UVjHZYwph3GKv1rMzMg9xNxbBNRTtZnGxgVGxstpump,2025-08-07T01:32:03Z,tg:1758611100,https://x.com/i/communities/1953277144685236704,False,Pumpfun
tg_1758611100_147882,SOL,Grayons,6JrxRg66koyyydtmNz1Ho7YG1QfV3ThB8myFhFMqpump,2025-08-07T02:14:35Z,tg:1758611100,,False,Pumpfun
tg_1758611100_147935,SOL,BUCK,pzFyDrfkdbw5ZVvw23YXqB6NnSGwJanNuzgPSehbonk,2025-08-07T08:33:22Z,tg:1758611100,https://x.com/i/communities/1953363397677912240,False,Bonk
tg_1758611100_148019,SOL,Bonk  What The Fork?,BbcEc7W7JfvHDRimWpbcBw6gfC9oU8irCumytrPQbonk,2025-08-07T17:00:10Z,tg:1758611100,https://x.com/WhatTheForkcoin,False,Bonk
tg_1758611100_148048,SOL,Pepe,JDGRxsVyTPD9RmXT34bQbXBAfjvupzozLbRoDEUHBAGS,2025-08-07T19:58:34Z,tg:1758611100,,False,bags
tg_1758611100_148053,SOL,Solenergy,7MUGBVeWyGag4hUS7R72fXngPcop3kki9HmgC2k3bXak,2025-08-07T20:14:37Z,tg:1758611100,,False,raydium
tg_1758611100_148084,SOL,Final Rave Guy,7obhQyME8iSNktCbCAtiLCpgv3cVqW1PWd31v4Egpump,2025-08-07T23:46:31Z,tg:1758611100,,False,Pumpfun
tg_1758611100_148086,SOL,Mr. Frog,GmPc5b6s77ToTTgPpU1GFdc9uP6SQVJfXnPkAmuJboNk,2025-08-07T23:53:04Z,tg:1758611100,https://x.com/solmrfrog,False,Bonk
tg_1758611100_148123,SOL,Dildogate,APu9zDAmkQZes2TcjmVLGHuRQgtatMEpPyxsPxZRpump,2025-08-08T04:13:28Z,tg:1758611100,https://x.com/i/communities/1953666321402490911,False,Pumpfun
tg_1758611100_148145,SOL,SON,AdxNrCntq6YkYC2qVffF2Fw7WC1UatKhV8J6G4ekgNx3,2025-08-08T05:52:28Z,tg:1758611100,,False,raydium
tg_1758611100_148158,SOL,TAB,47sfyWY62hjMhzrQ8VshpY8yv3Hsf6pq3Qqf4Bhdpump,2025-08-08T07:36:56Z,tg:1758611100,https://x.com/shapes_inc/status/1953662683376758967?t=yt0Y9tVAZOmSTE4_yeAzFg&s=19,False,Pumpfun
tg_1758611100_148244,SOL,TrollDoge,YjzCuXtexmEonRNYXXbDTYRm5coZYQmLFFRBMVt7cLZ,2025-08-08T16:44:15Z,tg:1758611100,https://x.com/i/communities/1953558578515914922,False,raydium
tg_1758611100_148246,SOL,MOLLY,9tHrb53E1X1Ui1bBzWS3yj8K9VVtx9E4kVP4nfhQpump,2025-08-08T16:52:23Z,tg:1758611100,https://x.com/i/communities/1953851175029133795,False,Pumpfun
tg_1758611100_148258,SOL,Warning Coin,ZkV3sZAMPAqphLtbV7rLHZeApiDKRUFMdT4gqdTB5su,2025-08-08T17:34:14Z,tg:1758611100,,False,raydium
tg_1758611100_148297,SOL,Nyvo,Gnth6Qhb9ChRGcE2bx2FJM4TSCk6KRMKF3U3AnFJbonk,2025-08-08T20:43:39Z,tg:1758611100,https://x.com/nyvodev?s=21,False,Bonk
tg_1758611100_148308,SOL,dog (pump),61uiuu5aAc2HG1ZQaHd3opfLnK6cM4FQnE1jRi28pump,2025-08-08T22:07:05Z,tg:1758611100,https://x.com/i/communities/1953875008427565376,False,Pumpfun
tg_1758611100_148334,SOL,Gandalf,BSt8yBJMBSNX8ChwY6sPmFrnJuNb8vRsS5uM6zBppump,2025-08-09T01:01:47Z,tg:1758611100,https://x.com/i/communities/1953946388662038672,False,Pumpfun
tg_1758611100_148359,SOL,ICE,3fhzatoYoh9y8tHBcZnN2WAjL1FRZdQ7VFWFEcgLpump,2025-08-09T03:51:25Z,tg:1758611100,https://x.com/DiscussingFilm/status/1953846495712600369,False,Pumpfun
tg_1758611100_148417,SOL,Deez Nuts,xhRE31h1iThLaG31gLhSRBpVQnZXZNkEYYfV5oEpump,2025-08-09T10:15:13Z,tg:1758611100,https://x.com/i/communities/1953582921442636218,False,Pumpfun
tg_1758611100_148435,SOL,BOSSHAT,9e8WDchXQ5cZvBLVV4bMSyw6GG15FTMDDrc6RYJqbonk,2025-08-09T11:50:55Z,tg:1758611100,https://x.com/i/communities/1954108880478159184,False,Bonk
tg_1758611100_148446,SOL,rawr,18tiZUftRmrWBfAH5m2equEewevYACAvxoohy5yo6pump,2025-08-09T13:12:41Z,tg:1758611100,https://x.com/i/communities/1954129378952036613/,False,Pumpfun
tg_1758611100_148490,SOL,Amazon6900,JBidrMze1hcoJhErnFccGy9MMePj5HME4kXPmX2sbonk,2025-08-09T17:20:25Z,tg:1758611100,https://x.com/i/communities/1953839913713230175,False,Bonk
tg_1758611100_148496,SOL,Pepension,T1Hf5w9772oCkp8cnhoSdKdfjsKieVGEnDuNJeEpump,2025-08-09T17:43:34Z,tg:1758611100,https://x.com/pepension_sol,False,Pumpfun
tg_1758611100_148504,SOL,Giga Final Boss,x1yCGBjS3WJ2gN38qpFrRurvSucrDjZk2jQTGK3bonk,2025-08-09T18:33:29Z,tg:1758611100,https://x.com/i/communities/1954240060460843314,False,Bonk
tg_1758611100_148528,SOL,TempleOS,CUe7WvEuhN8pTvSHrze6h7NMfUWEKTr8QW9ZZ6Fzbonk,2025-08-09T20:40:31Z,tg:1758611100,https://x.com/i/communities/1954255787712544877,False,Bonk
tg_1758611100_148552,SOL,Grug,FYXnJhgLmhcELqsKyAfdKZExFfA7gaskQa5TuEZE9RZT,2025-08-09T22:48:38Z,tg:1758611100,,False,raydium
tg_1758611100_148567,SOL,BEE,4nyQQXKqCX1NGGCEC5CdLbJHpeEmC6v6x5eY34taXHJV,2025-08-10T00:09:33Z,tg:1758611100,https://x.com/beecoinsolanax,False,raydium
tg_1758611100_148611,SOL,HOLOQ,643Bi6ckHT4ikS45pCkMqHbrHqFbAgA6hcEonKP5BAGS,2025-08-10T04:43:23Z,tg:1758611100,https://x.com/appiyoupisol/status/1954397604814393418,False,bags
tg_1758611100_148622,SOL,Chanel Wif Hat,HfDzw3DYCcJyQfnUkTMWFKuyCQmveAbtba7CbHUKBAGS,2025-08-10T05:27:07Z,tg:1758611100,https://x.com/finnbags/status/1954355285675651251,False,bags
tg_1758611100_148623,SOL,Chai wif hat,HZNkenEuc8oZShjM68uKiPQoWTa4KeUNeyWFYenUBAGS,2025-08-10T05:27:32Z,tg:1758611100,https://x.com/finnbags/status/1954355285675651251,False,bags
tg_1758611100_148633,SOL,Clarus,4HKK55PPmFxD9XX17sjNgZg3HpaRzdcFeuc5ccGSyqi7,2025-08-10T06:17:21Z,tg:1758611100,https://x.com/i/communities/1954833406312824937,False,raydium
tg_1758611100_148641,SOL,Turtles,3QbuJ9V6M2qP3FhroY6eK1N2ChEVidQemnFBFLrNBAGS,2025-08-10T06:49:04Z,tg:1758611100,https://x.com/SEEturtles,False,bags
tg_1758611100_148663,SOL,WNBA,HX1DMkDvn6UUPL5FFd1F5pHDXpCtLmMGdx6V9zqrbonk,2025-08-10T10:03:13Z,tg:1758611100,,False,Bonk
tg_1758611100_148668,SOL,Pumpfun  Meme Race,DL31uWMkwVCAJgyGQNLiHvJKuz4ZvpM6anMTXe7iQjvJ,2025-08-10T10:36:07Z,tg:1758611100,https://x.com/i/communities/1954414491187417433,False,raydium
tg_1758611100_148764,SOL,Pepe Final Boss,tRmRf5Cycf1haB3p1kekwEQa8Jx4oTyzJf9oXVupump,2025-08-10T17:52:00Z,tg:1758611100,https://x.com/pepeboss_sol,False,Pumpfun
tg_1758611100_148786,SOL,The investor,8snfTBHqzDEFpUuTjfibEnj5RnsAYUNh6o9tYHPAdjks,2025-08-10T19:35:03Z,tg:1758611100,https://x.com/i/communities/1954606411511726253,False,raydium
tg_1758611100_148810,SOL,Degen,E1eU7aNi6cN1QbRBYjWzKSK94RtpydVSJmQNHMDtbonk,2025-08-10T21:51:57Z,tg:1758611100,,False,Bonk
tg_1758611100_148816,SOL,no name,6b1embXE3tUKtCf1q5CaUxcDzxTypWVhayG8pGivrUme,2025-08-10T22:24:53Z,tg:1758611100,,False,raydium
tg_1758611100_148871,SOL,BB,E7MYzWD8GtLYNsgRyECSts2p1s2mu5JLb6wR9CiCBAGS,2025-08-11T04:07:45Z,tg:1758611100,https://x.com/dhampir_eth/status/1954741408536887713,False,bags
tg_1758611100_148886,SOL,X,8zqnHrEjUpWvzLXx8cLf8d9VZ7Xh5wecezBDW1fYjups,2025-08-11T05:00:15Z,tg:1758611100,,False,raydium
tg_1758611100_148901,SOL,Rover,He65RVtitAX8zGQjUKvLzJh2vZydoGZ85gBr81WddYMV,2025-08-11T05:53:26Z,tg:1758611100,https://x.com/search?q=He65RVtitAX8zGQjUKvLzJh2vZydoGZ85gBr81WddYMV,False,raydium
tg_1758611100_148934,SOL,Elontine,XbKWBmYo8GTRmLjf4qNCvLNZeDFKzVLvkEawVrypump,2025-08-11T07:50:02Z,tg:1758611100,,False,Pumpfun
tg_1758611100_148988,SOL,REX,FTggXu7nYowpXjScSw7BZjtZDXywLNjK88CGhydDGgMS,2025-08-11T12:19:33Z,tg:1758611100,https://x.com/i/communities/1954838136975925507/,False,raydium
tg_1758611100_148997,SOL,Pumpfun  Fubby the fat frog,Fcta8TWxGo2VpCT9mBtfHFupTsQk8GqE7nGg2x1yZUw6,2025-08-11T13:02:01Z,tg:1758611100,https://x.com/i/communities/1954807796601639380,False,raydium
tg_1758611100_149012,SOL,üß≤,YBdbwtZ4nzFmZyZ1C2cAB18D3wySCanvSTip9Ntbonk,2025-08-11T14:00:06Z,tg:1758611100,https://x.com/i/communities/1954877524246221280,False,Bonk
tg_1758611100_149075,SOL,Father of BONK,QMaZd9LkqQexX2jz2LEir6N18PSYHm4pRjVTq5abonk,2025-08-11T18:08:10Z,tg:1758611100,https://x.com/roverdadofbonk,False,Bonk
tg_1758611100_149101,SOL,THE,CuM7jCNGFLQpFfnV7ZeUUbBpRWnCsPgTaNj6fgq4pump,2025-08-11T20:02:31Z,tg:1758611100,https://x.com/i/communities/1954845306065223882,False,Pumpfun
tg_1758611100_149119,SOL,PreStonks,7725fUpaRKhnuJqtYNj6GfsCjHB9qDyYqeUUEZH6DREV,2025-08-11T21:09:29Z,tg:1758611100,,False,raydium
tg_1758611100_149151,SOL,Just Mooncoin,EtKq5MVm8vFFVAYHX9Y7rYMQu2aWfXDxt7eEnZDjpBvm,2025-08-12T00:24:42Z,tg:1758611100,https://x.com/JustMoonCoin,False,raydium
tg_1758611100_149155,SOL,BigTiddyGothGF,86y3kqM4Je3VEUs5sGvZhwCGXB5tn9UxWQ4He1JbkMLS,2025-08-12T00:58:01Z,tg:1758611100,,False,raydium
tg_1758611100_149202,SOL,Smiski,2e1ZJUrpvPa8MC2U3vr5gDyL3myNbA8XGJ6hK2ToJtM5,2025-08-12T05:21:23Z,tg:1758611100,https://x.com/i/communities/1955139970873676128,False,raydium
tg_1758611100_149222,SOL,EyeXBT,7AE3ffAc2pSPGskF6issMXuH5Ki3xSrYfsU5miRJBAGS,2025-08-12T07:02:05Z,tg:1758611100,https://x.com/eyexbtagent,False,bags
tg_1758611100_149239,SOL,Snake,8D9CZBsMocuJ8bdnpegGE8auHdFQ1Ez5F66wWAFv3WcN,2025-08-12T08:50:01Z,tg:1758611100,https://x.com/i/communities/1955054606507217003/,False,raydium
tg_1758611100_149263,SOL,STUPID INU,w6iohhdC6zbq2DP1uwtmvXPJibbFroDnni1A222bonk,2025-08-12T11:25:48Z,tg:1758611100,,False,Bonk
tg_1758611100_149352,SOL,G-Bonk,AjdCzXwien2FmTx3GDZeA6YX34A6rzhQCCZXSa7tqXJ4,2025-08-12T19:53:02Z,tg:1758611100,,False,raydium
tg_1758611100_149354,SOL,Orange,fmGLjVuQfBLbWPo5zxc8sSss3ixMW3u3bRP95uGpump,2025-08-12T20:05:38Z,tg:1758611100,https://x.com/search?q=ORANGE%20ERA&src=typed_query,False,Pumpfun
tg_1758611100_149375,SOL,$APES,DSfhSCTkCxnA7qGmdPzroA6pFTB2s9on2ZfAVXdLpump,2025-08-12T21:44:11Z,tg:1758611100,,False,Pumpfun
tg_1758611100_149391,SOL,Green,CWsrReZdBGUxwVzLrZZ5U6n6ofzuGdJQ3B9pRXCypump,2025-08-12T23:08:16Z,tg:1758611100,https://x.com/i/communities/1955372953228472691,False,Pumpfun
tg_1758611100_149396,SOL,No cap,wrCvNiHEyiiotaRz9ahm9XN9bbJHaBEgZuY9BgWpump,2025-08-12T23:59:32Z,tg:1758611100,https://x.com/i/communities/1955376159522247159,False,Pumpfun
tg_1758611100_149407,SOL,No,FRSU63osCdnSVy1TLkWHwvcE6mPYpn3s87BThhQgSKNo,2025-08-13T00:52:31Z,tg:1758611100,https://x.com/No_CTOver,False,raydium
tg_1758611100_149455,SOL,BoobCoin,4o34CWkqAyPkHbXX4hc8rt2v91Uy6qVgNFvh75bzpump,2025-08-13T06:16:30Z,tg:1758611100,https://x.com/i/communities/1955513985530499573,False,Pumpfun
tg_1758611100_149459,SOL,Snoot,EoX6YR6h7TgvFPT556AiLSchie1MjMEPi3dh4Qapump,2025-08-13T06:23:41Z,tg:1758611100,https://x.com/i/communities/1955027541015908556,False,Pumpfun
tg_1758611100_149468,SOL,SERAPH,88uWePLqqR6RRYZSio3zzbUQesDF8rzefkqV2ZJ1BAGS,2025-08-13T07:02:18Z,tg:1758611100,https://x.com/i/communities/1955499145516445977,False,bags
tg_1758611100_149504,SOL,Pumpfun  Dik,8PWair5hvgMiB5MAWKh91i6Ahi2fwbPUcrd89RNrpump,2025-08-13T10:20:27Z,tg:1758611100,https://x.com/i/communities/1955522603382350223,False,Pumpfun
tg_1758611100_149553,SOL,Orange Pepe,DWtnQvP98QcWtDSWd1ASCWfSpnvWTQV2zmkGcQoipump,2025-08-13T16:14:45Z,tg:1758611100,https://x.com/orangeera_sol,False,Pumpfun
tg_1758611100_149569,SOL,Pumpfun  Envana the Cat,6HLGemRmWv7BFXvpmbHzaBECAbZSSaxAC9DEa3fdpump,2025-08-13T17:42:27Z,tg:1758611100,https://x.com/envanasol,False,Pumpfun
tg_1758611100_149596,SOL,Bullionaire,GbXms9X6KUt9GpNtFRjSSjeogJHfSAJDdxTPoDMJPH1G,2025-08-13T20:22:43Z,tg:1758611100,,False,raydium
tg_1758611100_149599,SOL,Bwonk,Tf4TFqBkVkBFepKy7knDNRjejPAndkE1TFG694Wbonk,2025-08-13T20:32:24Z,tg:1758611100,,False,Bonk
tg_1758611100_149604,SOL,NOTHING,3Sf6oKCeEqCuco4aYtKHHDTBYLAWHiL47QjvkW1UYDEG,2025-08-13T20:55:35Z,tg:1758611100,https://x.com/i/communities/1955709594573136014,False,raydium
tg_1758611100_149638,SOL,EZ,ECUeFcgALJXQkQSkFQUJtz2AjwbNYqt8yr5QDwrtq8EZ,2025-08-13T23:53:22Z,tg:1758611100,https://x.com/i/communities/1955747718007083289,False,raydium
tg_1758611100_149645,SOL,Buy This Coin,EuwaFjov8s9EMsQ3EYF55S9HnGxShB9w3WvrpV8rpump,2025-08-14T01:13:18Z,tg:1758611100,https://x.com/i/communities/1955779831448396035,False,Pumpfun
tg_1758611100_149660,SOL,BrownHouse,AnR1qNfefHwL8GY7C4iqzBjJZyKzw6Z7N9kXY81bpump,2025-08-14T03:03:12Z,tg:1758611100,https://x.com/BrownhouseLIVE,False,Pumpfun
tg_1758611100_149674,SOL,Snail,EG6WeiR2DymUVVjNHEU4MEJXmWnzXJhk3JerRy4gpump,2025-08-14T04:38:15Z,tg:1758611100,https://x.com/i/communities/1955801761958003017,False,Pumpfun
tg_1758611100_149724,SOL,FATGIRLS,6qGBJd8TaXP4nzNdCoFfyytM7RZfdwVNRcju6mfuLqpK,2025-08-14T10:46:41Z,tg:1758611100,https://x.com/i/communities/1955915799157457310,False,raydium
tg_1758611100_149727,SOL,LAMBO,GQsefQc5YPE12wkMnYMxD8Rq1wrRX7f9iFgpBjNpBAGS,2025-08-14T11:01:24Z,tg:1758611100,https://x.com/finnbags/status/1955939512347189358,False,bags
tg_1758611100_149762,SOL,ONE,NJxAmP4tJZyRVaU5i2jG2ZmfguXzDjCQ67ZqRyBh111,2025-08-14T15:00:44Z,tg:1758611100,https://x.com/wewuzbig/status/1956004450453135643,False,raydium
tg_1758611100_149792,SOL,Prelaunch  $BUMP,2mhEpu96Bwnw2pUZX5m4MqpaMTesDNApk5DTyS5fbump,2025-08-14T18:29:40Z,tg:1758611100,,False,raydium
tg_1758611100_149824,SOL,Rawdogging,BFo3GmvH96paxTyEodpHz2ErHFbSdK7LDQYCfNEYpump,2025-08-14T21:25:04Z,tg:1758611100,https://x.com/i/communities/1956098975024443826,False,Pumpfun
tg_1758611100_149833,SOL,Cult of Psyop,gA78NpUYGt73CvaworsxmSDj1UCJzErqLo1vp99CULT,2025-08-14T22:11:25Z,tg:1758611100,https://x.com/cultofpsyop?s=2,False,raydium
tg_1758611100_149838,SOL,Windows XP,AaWppRqTaUQ7Bikjhp7TDW4UTukJdeCDKapFEYwtbonk,2025-08-14T22:20:39Z,tg:1758611100,,False,Bonk
tg_1758611100_149840,SOL,Purple,TgjK296F6PYWg3eRbRcEk9QQwA83eNwpm5JsRcdbonk,2025-08-14T22:30:08Z,tg:1758611100,https://x.com/i/communities/1956412703498805389,False,Bonk
tg_1758611100_149845,SOL,CA,XEPLJ1FXYivi3ZUYd6bDNENV3tM1AhquupJS3ESpump,2025-08-14T23:10:56Z,tg:1758611100,https://x.com/i/communities/1956126966240743597,False,Pumpfun
tg_1758611100_149896,SOL,NOOB,6nGnXdsabPPJ88CsrigJUA7QY6Ag4PbRZkRJqEKypump,2025-08-15T05:10:37Z,tg:1758611100,https://x.com/imnoobdotfun,False,Pumpfun
tg_1758611100_149929,SOL,Pumpfun  Bully,C6tfsg87RabeqkXme8opQszRCh21fSSTfXX1jqh4pump,2025-08-15T08:23:20Z,tg:1758611100,https://x.com/BullySolanaCoin,False,Pumpfun
tg_1758611100_149996,SOL,LEGO CULT,BicHfpfxTPa8MjpgWofKAhtk8KGHHsiMgpYVeJAGpump,2025-08-15T12:55:59Z,tg:1758611100,https://x.com/i/communities/1956256761809367329,False,Pumpfun
tg_1758611100_150014,SOL,GNOME,CFSjMXEZmzniPn8KxQvPBk9gxDsjYVvGb2FsbhUSpump,2025-08-15T14:24:33Z,tg:1758611100,https://x.com/i/communities/1956338068509868358,False,Pumpfun
tg_1758611100_150047,SOL,Concentric Industries,3cL96frxAmNwpPHFqHCuzXscGvdpzmaACjbx8sH5BAGS,2025-08-15T18:45:46Z,tg:1758611100,https://x.com/jgsenergy/status/1955434250616050163?s=46,False,bags
tg_1758611100_150055,SOL,DGEN,5pFW6ziMXDg7GSnXYuqjdV96aMqmKxipazdYHQTubonk,2025-08-15T19:27:04Z,tg:1758611100,https://x.com/DGenZ0ne,False,Bonk
tg_1758611100_150063,SOL,Floppy,ATCuDUz6Rz6vFhAEeH8HzBsp7MaHLJab7yQHg4uBpump,2025-08-15T19:56:27Z,tg:1758611100,https://x.com/djsnm/status/1956144022680142011?s=46&t=VVx3VordfvpCTSFAOt__Lw,False,Pumpfun
tg_1758611100_150092,SOL,RugProof,Fh4oSZ6kn4CGgaojS9dP7gLXbG9KF5Dc9rAkgT6SBAGS,2025-08-15T23:15:49Z,tg:1758611100,,False,bags
tg_1758611100_150108,SOL,uranidiot,GvtiRXe6fdSKpYXPTVubYFk5KkuzEzCSKJmJiHyqpump,2025-08-16T01:36:36Z,tg:1758611100,https://x.com/i/communities/1956514587894820876,False,Pumpfun
tg_1758611100_150115,SOL,Khamzat Chimaev,9zsjedC8SSoB7QCsnaBxPyBdWKCcNRaikMEbNyb3TY2w,2025-08-16T02:29:56Z,tg:1758611100,https://x.com/i/communities/1956524355820646828,False,raydium
tg_1758611100_150116,SOL,Boris,BdN2AF7h555TiTpxASirVBhG21dwcr5VNCcnW2BJbdG6,2025-08-16T02:38:11Z,tg:1758611100,https://x.com/i/communities/1952295884714131952,False,raydium
tg_1758611100_150160,SOL,GLM,CGdaM7nVe8nbhGoUwuYhYJenYEqg1PM3Nn4oX52Zpump,2025-08-16T07:12:31Z,tg:1758611100,https://x.com/TestT94306/status/1956574105240559822,False,Pumpfun
tg_1758611100_150195,SOL,Dafuq,5SmTatunpUm5ob6CKa1qx3bE5xJo8bpavno7iqokpump,2025-08-16T11:17:02Z,tg:1758611100,https://x.com/i/communities/1956647409150247381,False,Pumpfun
tg_1758611100_150197,SOL,LYN,3hFEAFfPBgquhPcuQYJWufENYg9pjMDvgEEsv4jxpump,2025-08-16T11:21:32Z,tg:1758611100,https://x.com/i/communities/1956630029024043234,False,Pumpfun
tg_1758611100_150203,SOL,Flow State,GYKBbafCYFwd9gYrZuVQ4yYwdHgbxJ1HRQh8jN6Apump,2025-08-16T11:40:17Z,tg:1758611100,https://x.com/i/communities/1956655621891129425,False,Pumpfun
tg_1758611100_150218,SOL,Pumpfun  #MEME,CSEH51mWGPynGoGNfLy2pi7Vsy6US4GV9xb6AEy7pump,2025-08-16T12:56:48Z,tg:1758611100,https://x.com/i/communities/1956677429835276726,False,Pumpfun
tg_1758611100_150225,SOL,marv,vtUzXyowSMsNUwiZMLNufySoeW9ehaPAVr7YsYQpump,2025-08-16T13:41:59Z,tg:1758611100,https://x.com/marvbolgang,False,Pumpfun
tg_1758611100_150236,SOL,Putin,3qNkFjkB2b38k8CPHiAn3np258x9ydLYMBkJddUKLpHj,2025-08-16T14:38:49Z,tg:1758611100,https://x.com/lukiluk420/status/1956715406778859768,False,raydium
tg_1758611100_150240,SOL,RUS,5dCwACDZJbvCLavuhwsN5dogtLD8H2ZnKuuoGAXypump,2025-08-16T14:52:25Z,tg:1758611100,https://x.com/i/communities/1956700806788342227,False,Pumpfun
tg_1758611100_150360,SOL,Dogue,6UfynQAUASwqxSSEENzL7vMR1wmpQS6LXrNn8f3xpump,2025-08-17T05:34:36Z,tg:1758611100,https://x.com/i/communities/1954430022904959371,False,Pumpfun
tg_1758611100_150370,SOL,GROK,D7BsYeiPsqC6ty4uRyJhNtQ9XpPFGnRB3mcsDiBspump,2025-08-17T06:18:18Z,tg:1758611100,https://x.com/i/communities/1956902880713064484,False,Pumpfun
tg_1758611100_150410,SOL,Reterd,3Rt9t4vM1KShncfMgya69ahrktmKewnHz11FUhdapump,2025-08-17T12:24:13Z,tg:1758611100,https://x.com/i/communities/1957020271358984423,False,Pumpfun
tg_1758611100_150449,SOL,SOLRUNNER,9dEcM4kpKW7tupAA1Y4QVGVDhL6rwDrWZ3ogs7kpump,2025-08-17T17:06:21Z,tg:1758611100,https://x.com/solrunnersol,False,Pumpfun
tg_1758611100_150500,SOL,BoJack Horseman,2wPxGgsDP2fbd9nMnsMRH3psqScu3ZXM94MAi19Epump,2025-08-17T22:01:30Z,tg:1758611100,https://x.com/i/communities/1957110307752718536,False,Pumpfun
tg_1758611100_150531,SOL,Update  chillhouse,4vGcpGAC8VJ6u5y6MhzAa5HZJwuuymhGUCgc1Xq3BAGS,2025-08-18T01:54:13Z,tg:1758611100,,False,bags
tg_1758611100_150548,SOL,Louie,Arh2U7Bi17wfDFCH11Ez4St2mBYxciEGRsQGi85epump,2025-08-18T05:07:37Z,tg:1758611100,https://x.com/i/communities/1957258383607939379,False,Pumpfun
tg_1758611100_150569,SOL,TADC,HuSyZB3ChbYngnQPSBWtmqceqKDUzghHCqppVf1Mpump,2025-08-18T07:28:16Z,tg:1758611100,https://x.com/Enofyz/status/1957333469232558535,False,Pumpfun
tg_1758611100_150591,SOL,Tamagotchi,7qo3J9wJ582RDX9ufiKfKL8piKg5FFFVdE1uRJiLpump,2025-08-18T09:56:17Z,tg:1758611100,https://x.com/i/communities/1957182148169122234,False,Pumpfun
tg_1758611100_150597,SOL,Prelaunch  Memes Protocol,6kjzL6NBtwhzdhZJASqHMimfaxNBGqKd2h6JHnnbRuao,2025-08-18T10:31:15Z,tg:1758611100,,False,raydium
tg_1758611100_150602,SOL,Pumpfun  Pipz,58yQ5ZWbuhPD7vEgcD7mutsGmF2PsprEmavjHHh8pump,2025-08-18T10:58:07Z,tg:1758611100,https://x.com/Pipz_Coin,False,Pumpfun
tg_1758611100_150612,SOL,Troll Terminal,GKdpkRpeSpMv3pqV23EProe7tSZdBoTCJJspfYBLpump,2025-08-18T12:02:10Z,tg:1758611100,https://x.com/terminaltroll,False,Pumpfun
tg_1758611100_150709,SOL,Update  bounce,YbSXHHYYahbXKKCyseKgmhmyXWCW2W3WFJZrRJFpump,2025-08-18T21:47:52Z,tg:1758611100,https://x.com/i/communities/1957528450278764993,False,Pumpfun
tg_1758611100_150728,SOL,Pickle,Ey3XV7Cw3tE4dUXoFC4zoNujRXN7u7dBf21vsZFcbonk,2025-08-19T00:18:27Z,tg:1758611100,,False,Bonk
tg_1758611100_150748,SOL,BHOO,EFpVWrfca9WF66jHDkafGuMny4wTjGdX9QYTLnhRJ777,2025-08-19T03:23:44Z,tg:1758611100,https://x.com/speewitbhoo,False,raydium
tg_1758611100_150782,SOL,BBL,EBbwqvYUQ6NLv8TP1RrBVp1gdtZX9EtvwWfaCGifrge,2025-08-19T06:49:03Z,tg:1758611100,,False,raydium
tg_1758611100_150819,SOL,Horny,7efSphu3seotNZcBxjGuNMPAA6Vz2WAJa8VBMHHrQ777,2025-08-19T11:41:39Z,tg:1758611100,https://twitter.com/i/communities/1957755862963089571,False,raydium
tg_1758611100_150832,SOL,Dark,6pvtv14ye2nvxqCR8fc8y7TTU6SkLGyaSVnVNS9V6777,2025-08-19T13:31:01Z,tg:1758611100,https://x.com/i/communities/1957732610958033351,False,raydium
tg_1758611100_150839,SOL,TG Launch,969L2FYMBqXTo6Ejs59oM1swNgW5XkBtzG2y5BxmHREV,2025-08-19T14:12:09Z,tg:1758611100,https://x.com/tglaunch_app,False,raydium
tg_1758611100_150844,SOL,Meme Man,bCehxFj735as389Ci5hEQqCoRENNYN5gGRfHjUmpump,2025-08-19T14:35:06Z,tg:1758611100,https://x.com/mememanonsol_,False,Pumpfun
tg_1758611100_150863,SOL,Neural Network,A1QhTHBxotKUuDuZN8xEpJ2WSUt22qh3Q9ApLiueqMHw,2025-08-19T15:58:29Z,tg:1758611100,https://x.com/NeuralNetSOL,False,raydium
tg_1758611100_150880,SOL,the imperfect coin,CuPrcDMz7CmzMeH8oGpmPXCTQfDmit2pgEE9UM1Dpump,2025-08-19T18:52:36Z,tg:1758611100,https://x.com/i/communities/1957769375986966812,False,Pumpfun
tg_1758611100_150888,SOL,Banana,Co4692bPPQXAqqxSLAeTTvF1bnhY26FUWt2YuWQPBgfU,2025-08-19T19:33:18Z,tg:1758611100,,False,raydium
tg_1758611100_150918,SOL,White Pepe,GRXUoc6Vk1weRVxxNSjkXFEw7eHN5BBJrC8Mn4CY8777,2025-08-19T23:16:03Z,tg:1758611100,https://x.com/justawhitepepe,False,raydium
tg_1758611100_150948,SOL,AOLMAN,5YUMaw3fFCRMySvuYMgZJ6nB2te3wvo9QGdP3tNNpump,2025-08-20T03:25:13Z,tg:1758611100,https://x.com/i/communities/1957786430236991785,False,Pumpfun
tg_1758611100_150984,SOL,Fate,5mYh2VUJzW9QaVqYUQ53rdNLggXk7RHuFkkE2kt57777,2025-08-20T08:15:21Z,tg:1758611100,https://x.com/i/communities/1958063200194425052,False,raydium
tg_1758611100_151004,SOL,PlayFair  TylenolGM,7QhHTK146YKAuoMBqLCnAAhBfxzX68bDe9McuH5kfair,2025-08-20T10:31:37Z,tg:1758611100,https://x.com/grantkemp333/status/1958100208954290584?s=46,False,raydium
tg_1758611100_151019,SOL,Pumpfun  Ink,2mqtfhnfvwWHragzhGxbzZWozv4PMGntwKLbHZ52pump,2025-08-20T12:01:54Z,tg:1758611100,https://x.com/i/communities/1958089601429741657,False,Pumpfun
tg_1758611100_151023,SOL,Grok ‚Å¥ùüö‚Å∞,rpr1GS2eVGRfunAX766JFEWKi7f5dAaY4jSxZGSpump,2025-08-20T12:21:38Z,tg:1758611100,https://x.com/cb_doge/status/1958138133523870099,False,Pumpfun
tg_1758611100_151035,SOL,HolyFans,BdPuBiKDf7osgLxwJyuDWz123U94PgNpj3m2Z9Myo777,2025-08-20T13:49:39Z,tg:1758611100,https://x.com/i/communities/1957874989362753547,False,raydium
tg_1758611100_151057,SOL,LSTR,tdvjgx6fMQgEhkEn888DQZimU2y4u71Ch2U6p7pN777,2025-08-20T16:03:13Z,tg:1758611100,https://x.com/LightTreasury,False,raydium
tg_1758611100_151071,SOL,Agentik,i1f1o1sxUeqizm8pGTnvcF859QdvwPEAQnA935fpump,2025-08-20T17:29:03Z,tg:1758611100,https://x.com/agentiksol?s=21,False,Pumpfun
tg_1758611100_151145,SOL,YZY MONEY,5ZNyBxcsQTnGqWYQ1Q4RkbvUiJWbMQXTyVHT8Y24pump,2025-08-20T23:43:34Z,tg:1758611100,https://x.com/i/communities/1958049038085025892,False,Pumpfun
tg_1758611100_151153,SOL,Rich Off Memes,EQTb12x9tZKsTDhtUcRLJy1DdDQUQDhBRdWTTJSppump,2025-08-21T00:42:24Z,tg:1758611100,,False,Pumpfun
tg_1758611100_151190,SOL,MM,B32hGG9q55tcik9gNBPuoSHTnqFtpKYLpsApFyvCpump,2025-08-21T05:03:36Z,tg:1758611100,https://x.com/i/communities/1958319969948578180,False,Pumpfun
tg_1758611100_151226,SOL,URINE,D5yrGcAZ1B9uQStfhVLz2wJo2bFUMUKvgDazhhLCpump,2025-08-21T09:41:53Z,tg:1758611100,https://x.com/i/communities/1958457385988857914,False,Pumpfun
tg_1758611100_151235,SOL,Solsale  Mage Labs DEX,DJTYHjJdswhyAt7pz9xifAvrs3ZV2VNfKekH8Udc5Jw5,2025-08-21T10:14:58Z,tg:1758611100,,False,raydium
tg_1758611100_151245,SOL,Limitless,2gZcjozCdghULQXFoR6rUBbid7C3FfH4ofNMaKYmk777,2025-08-21T11:15:20Z,tg:1758611100,https://x.com/i/communities/1958466356690481527,False,raydium
tg_1758611100_151283,SOL,ORGASM,8DVGjPQ17iVbwXnE3gJziXj2e1Xxc89jSdxVpZ4uG777,2025-08-21T14:38:59Z,tg:1758611100,https://x.com/i/communities/1958529845148725673,False,raydium
tg_1758611100_151287,SOL,CHAOS,EndwgCWazrNvZZtirQMB8Ktw2xB1Pa8XXe8m6P1FW777,2025-08-21T14:54:24Z,tg:1758611100,https://x.com/i/communities/1958534649665249739,False,raydium
tg_1758611100_151289,SOL,Muchamaru,APScEhwMs4WN5ZnfGNUuHfLUsnE2FZjMjRPJUGF2pump,2025-08-21T14:58:06Z,tg:1758611100,https://x.com/i/communities/1958545766747676888/,False,Pumpfun
tg_1758611100_151296,SOL,HODLESS,12Z5CsL5kCPRmnLQcwpY2QrEub3MahHCtRHxoQEdpump,2025-08-21T15:14:43Z,tg:1758611100,https://x.com/hodlessol,False,Pumpfun
tg_1758611100_151303,SOL,Pumpfun  FACELESS,44fkmrMVoFGuRjQuM3ehSyG14BDBcbrFgo94KGwopump,2025-08-21T15:39:57Z,tg:1758611100,https://x.com/Facelesscoinsol,False,Pumpfun
tg_1758611100_151307,SOL,Pumpfun  Baby YZY,7Y2GHg1Zq3SWxYkVceNrL6cEbZpHbsxccCujmuG6pump,2025-08-21T15:49:26Z,tg:1758611100,,False,Pumpfun
tg_1758611100_151313,SOL,MILL,GxcYEniGG8cQ6ztebMaukRrFKnmBHEcfb7PXFKTEMiLL,2025-08-21T16:05:01Z,tg:1758611100,https://x.com/i/communities/1957958846938558969,False,raydium
tg_1758611100_151401,SOL,Tetris,4beyCd8T3oTY1MMgH19GiCiUhRwH5k4nC9FmX9i8pump,2025-08-22T00:49:24Z,tg:1758611100,,False,Pumpfun
tg_1758611100_151403,SOL,ANALOS,6d2Wze1KMUxQ28sFLrH9DKfgBXpUJSJYZaRbufucvBLV,2025-08-22T00:57:57Z,tg:1758611100,https://x.com/analosfork?s=21,False,raydium
tg_1758611100_151415,SOL,JESUS,2nmowg87Jbo55Uc3yWaeeSZ6DnDBhpoVMiQKMdKfv777,2025-08-22T02:40:18Z,tg:1758611100,https://x.com/i/communities/1957572519067516952,False,raydium
tg_1758611100_151439,SOL,Bread,AUe6QTAmnuZtv6S3zu2JKws98G7EpQWqbYE8XW16W777,2025-08-22T05:39:18Z,tg:1758611100,https://x.com/i/communities/1958759755994079495,False,raydium
tg_1758611100_151531,SOL,Mystic Crypto Index,8AUErKrTLgge4xVaa3n3qVAN78CyL5n9uUSMZRtzbonk,2025-08-22T16:04:34Z,tg:1758611100,,False,Bonk
tg_1758611100_151540,SOL,MIcrotroll,AvsVPyxg3WNaX9mzn1eAw7kWLuH6AbEZJZa63z2Lpump,2025-08-22T17:04:58Z,tg:1758611100,https://x.com/i/communities/1958657004836147709,False,Pumpfun
tg_1758611100_151563,SOL,TITANIUM,DpdjbByf7fc3UTxHUco5fVmSGZAcW5XLgBsRmBs6mJua,2025-08-22T19:36:00Z,tg:1758611100,https://x.com/titaniumwalletx,False,raydium
tg_1758611100_151606,SOL,Degen Social Media,FdpEvMwXM99WsCr5zwrQ5BqgQTSLULpewpXjfs7ABAGS,2025-08-22T23:16:29Z,tg:1758611100,,False,bags
tg_1758611100_151640,SOL,BUTTPLUG,2ZqgkCpvXjzB4NstzBUPSrsYrrbziUv5mC9CsxSQZryG,2025-08-23T03:44:47Z,tg:1758611100,https://x.com/i/communities/1959070281517158710,False,raydium
tg_1758611100_151670,SOL,GUD,7nsbGjYk85fkDk1uNFqVCyLZYtXxiZoLZncfLLC7pump,2025-08-23T07:13:57Z,tg:1758611100,https://x.com/GudCandle,False,Pumpfun
tg_1758611100_151690,SOL,Monday,Ba87psSuyCQx8ufTK3dBFfHYvJXhTPkQ5TDS7RPmpump,2025-08-23T09:04:07Z,tg:1758611100,https://x.com/i/communities/1959129745385562132,False,Pumpfun
tg_1758611100_151715,SOL,justice for mickey,C42n257o9a5KN4UinR1R4xyPHX7aqagpFe7hoXrypump,2025-08-23T12:20:45Z,tg:1758611100,https://x.com/i/communities/1959206730388447730,False,Pumpfun
tg_1758611100_151729,SOL,SPECTRA,Bm8MHt9vwK2RapFFZLa4AWfwLCzXAqCxanRj81xWBAGS,2025-08-23T13:54:13Z,tg:1758611100,https://x.com/i/communities/1959224247785836829,False,bags
tg_1758611100_151737,SOL,The Petros Token,8iX3bBsYuA2u7zfcYX8LrHQNWtqDrAAXCfKvgZWbonk,2025-08-23T14:29:34Z,tg:1758611100,https://x.com/thepetrostoken?s=11&t=1L7P5AgpnQedFFeUMtOjuA,False,Bonk
tg_1758611100_151752,SOL,Pumpfun  karl,YLFntRry6JzVMUdGPsZpmSSVTXaNTYRah92q551pump,2025-08-23T15:49:24Z,tg:1758611100,https://x.com/karllilguy,False,Pumpfun
tg_1758611100_151757,SOL,Solana's Paradise,7Y2fz6HVrSpzkym2wKYfmof7n5AUXFjK6QpbBMxq9EL1,2025-08-23T16:07:53Z,tg:1758611100,https://x.com/i/communities/1959231684341084621,False,raydium
tg_1758611100_151774,SOL,PEPE Girl,6t3sDWZtYoFq8LCxBf8dix8BDV776TQN2WBSWLEpump,2025-08-23T17:21:53Z,tg:1758611100,,False,Pumpfun
tg_1758611100_151784,SOL,Juan,5efQfRqBwYDob34CdeYyxnYAhPLKk4Y1Dy3FFNV2C777,2025-08-23T18:06:50Z,tg:1758611100,https://x.com/juanonheaven,False,raydium
tg_1758611100_151809,SOL,Solsale  Mage Labs DEX,DJTYHjJdswhyAt7pz9xifAvrs3ZV2VNfKekH8Udc5Jw5,2025-08-23T19:52:42Z,tg:1758611100,,False,raydium
tg_1758611100_151812,SOL,Loono,8SHZVgQ8GMzac7oYBz2UZpU8PBcbrtzkyordFqfrybZC,2025-08-23T20:20:27Z,tg:1758611100,,False,raydium
tg_1758611100_151816,SOL,AIRCOIN,GpdRNotihwXZJ3z3y6yCRAhecFrALc4J8SX92pxnbonk,2025-08-23T20:32:46Z,tg:1758611100,https://x.com/buyaircoin,False,Bonk
tg_1758611100_151827,SOL,Degenfund.me,84d35JrnC4v7j2zN4vsfC2zoqSPEBNfrpaVdXCNPBAGS,2025-08-23T21:32:46Z,tg:1758611100,https://x.com/degenfund_me,False,bags
tg_1758611100_151877,SOL,LLM,BnszRWbs9LxSzsCUUS57HMTNNtyDHFsnmZ1mVhAYdaos,2025-08-24T03:43:16Z,tg:1758611100,https://x.com/i/communities/1959234473813315825,False,raydium
tg_1758611100_151882,SOL,NEKO,4Hmd8w67ZdQHJqqkhbThVVZoWdcbyLP2p9sLoi43DgLC,2025-08-24T04:06:09Z,tg:1758611100,,False,raydium
tg_1758611100_151906,SOL,Trollge,HsiRmhFuW5FAs6akCTJJts8MgVJc5mmgUDFDooxpump,2025-08-24T06:07:53Z,tg:1758611100,https://x.com/i/communities/1959505589396267281,False,Pumpfun
tg_1758611100_151922,SOL,BLM,9kFe93G24SDuvujNc8ruMY1Jtzn1xXFL5bPid8Qqdaos,2025-08-24T07:18:55Z,tg:1758611100,https://x.com/i/communities/1959277064546357258,False,raydium
tg_1758611100_151927,SOL,NGL,HM1VvScqpUdbXqWkhDjcoe1nMbyeBRhQ3pDqhfympump,2025-08-24T07:28:40Z,tg:1758611100,https://x.com/i/communities/1959492898430296423,False,Pumpfun
tg_1758611100_151939,SOL,MAID,3rLgGYZPa7BW5NrVeq7jKXCNWagrzwURqQjXQyHNmoDv,2025-08-24T08:21:55Z,tg:1758611100,https://x.com/royalarp/status/1958208791704707090,False,raydium
tg_1758611100_151948,SOL,AI,C5fK7BL5skfZYRcxZy7MJChYK4AbV46Pn4y9bVpxdaos,2025-08-24T08:57:25Z,tg:1758611100,https://x.com/i/communities/1959512730236276769,False,raydium
tg_1758611100_151955,SOL,ASCII Coin,ZsdJD9Vyo36LSbqD8DnZqH7iFG2JWa4y32Ndmkgpump,2025-08-24T09:35:09Z,tg:1758611100,https://x.com/i/communities/1959542238297366945,False,Pumpfun
tg_1758611100_152028,SOL,SLVR,218GvpbMt91iGnwxiAfhwP2dc9giBaKi25JLoUADpump,2025-08-24T17:40:05Z,tg:1758611100,https://x.com/i/communities/1959758296350626013,False,Pumpfun
tg_1758611100_152030,SOL,Baby Solana,13RbxjgWhXhgSN4krVwadunLSAJjph7b9QFU4GWEpump,2025-08-24T17:44:47Z,tg:1758611100,,False,Pumpfun
tg_1758611100_152033,SOL,Fox Inu,3roGjzv4TeaWFN8VN6hfUKAsmoVUrYmmB2Dz3NYF1GAA,2025-08-24T18:00:09Z,tg:1758611100,https://x.com/FoxinuSol,False,raydium
tg_1758611100_152038,SOL,Latino Language Model,54zCo58WndTqFqiN7fB47LdRU8fdyC1aPLJE2utWpump,2025-08-24T18:31:19Z,tg:1758611100,https://x.com/Latino_LLM,False,Pumpfun
tg_1758611100_152041,SOL,PumpFun  PUMP LATINA MODEL,7bJMuwSG23aSAKYfADBLE7X6Yiq5H1dUB7TeuC6vpump,2025-08-24T18:37:39Z,tg:1758611100,https://x.com/i/communities/1959577315949879302,False,Pumpfun
tg_1758611100_152049,SOL,Pumpfun  ATHereum,5cwsqib381TvkQouGFu2Fv2LnVvkfXEQswz8UE2spump,2025-08-24T19:18:38Z,tg:1758611100,https://twitter.com/athereumSOL,False,Pumpfun
tg_1758611100_152069,SOL,Alpaca Socks,rrenNYT2dFQaHQU3Lmw5MExXUxDkHsDFjhNN3Aipump,2025-08-24T21:24:02Z,tg:1758611100,https://x.com/alpacasock,False,Pumpfun
tg_1758611100_152078,SOL,Yolo,5qtgvM1J7NgSyeFUW4A1exgudeBaBuRiCqGBakoFpump,2025-08-24T22:25:56Z,tg:1758611100,https://x.com/i/communities/1959717094695833786,False,Pumpfun
tg_1758611100_152185,SOL,FAPGUY,C2i8WUjvkpZPXEBumF6dwFJakaDA3hTYCcBpfLMgpump,2025-08-25T11:31:01Z,tg:1758611100,https://x.com/i/communities/1959830231696699428,False,Pumpfun
tg_1758611100_152210,SOL,Pumpfun  Hatsune Miku,EqE9q31GEuaDnpxLECo7SDeczWjkuPsTYFE7vNAPmiku,2025-08-25T13:40:02Z,tg:1758611100,https://x.com/HatsuneMikuAIX,False,raydium
tg_1758611100_152238,SOL,Pumpfun  Bull Freg,5gvo59GJB447YuoCTsWMGMP4mdKnDAiC7acJyPyRpump,2025-08-25T16:00:46Z,tg:1758611100,https://x.com/i/communities/1959954958339776581,False,Pumpfun
tg_1758611100_152246,SOL,Sora AI,5aBtA2MoEnke2ZnpbMqVCV8c5Ms4dGK7MprPiVwwsora,2025-08-25T16:46:01Z,tg:1758611100,https://x.com/SoraAI_app,False,raydium
tg_1758611100_152257,SOL,Burning Man Coin,ygPRx1SuXQLqnrFTp2LWKQ8SJZv75Pq7vuXtiDjpump,2025-08-25T17:29:19Z,tg:1758611100,https://x.com/burningmansol,False,Pumpfun
tg_1758611100_152269,SOL,Heaven  HCAT,2PTB3PN5fbbrMQJhvzWH6FWPERsLrfB96pmtBfKgK777,2025-08-25T18:04:15Z,tg:1758611100,https://x.com/catholic018?s=21,False,raydium
tg_1758611100_152309,SOL,The Pursuit of Greatness,A7GSYLQiWx7a8qMZfqx9HoypNTNB6DmZLhW1CzaXpump,2025-08-25T21:16:42Z,tg:1758611100,https://x.com/i/communities/1955327818436579388,False,Pumpfun
tg_1758611100_152367,SOL,DAOMAN,Ba8JAE3h9YUQnkMFEDdX261Zu8nWpYN7zhad7pYKdaos,2025-08-26T05:37:46Z,tg:1758611100,,False,raydium
tg_1758611100_152396,SOL,Pumpfun  Cult Of troll,3wmSZbH7Gw7wmo1zYdDgNZnnGCPsMkpGqqQ5ktVNpump,2025-08-26T08:42:31Z,tg:1758611100,https://x.com/i/communities/1960223832012419188,False,Pumpfun
tg_1758611100_152416,SOL,Derpina,8UrQp6wLwsjqs8pqL42QR6ARpWZNSanDAAQmyDeRpina,2025-08-26T10:32:20Z,tg:1758611100,https://x.com/i/communities/1960281833679020389/,False,raydium
tg_1758611100_152505,SOL,Ruly PFP Cult,D8fxudzjPewzXW8UAFaTkQh16A1vXWFQ3sy8qA39bonk,2025-08-26T19:39:42Z,tg:1758611100,https://x.com/rulycult?s=21,False,Bonk
tg_1758611100_152514,SOL,LEGO,3FrMiXyXvDmHVFvNGZduvkC5WNwQuygoWaQchvkQpump,2025-08-26T20:38:23Z,tg:1758611100,,False,Pumpfun
tg_1758611100_152520,SOL,Would Coin,CoLYMwaDvj6KTBet7XiQkhjoXXhgforRdxxWsubDpump,2025-08-26T21:24:06Z,tg:1758611100,,False,Pumpfun
tg_1758611100_152526,SOL,MEOW,7rCrPCf5qTcEAvDC3mH89rjZMetpRDLXZBvqLoPPpump,2025-08-26T21:55:26Z,tg:1758611100,https://x.com/i/communities/1960310976936284549,False,Pumpfun
tg_1758611100_152551,SOL,GOAT,GNHW5JetZmW85vAU35KyoDcYoSd3sNWtx5RPMTDJpump,2025-08-27T00:11:48Z,tg:1758611100,https://x.com/i/communities/1960462312063525266,False,Pumpfun
tg_1758611100_152590,SOL,DUMB,n8PpaTqafZizj2Gfr3DaokEsP1yAVdcSFSYBkj6pump,2025-08-27T04:24:30Z,tg:1758611100,https://x.com/i/communities/1960537446531117405,False,Pumpfun
tg_1758611100_152599,SOL,LAST,HKyPkm75SaganWyymv7ZQdkBGxBofWnZXmeqjfYSpump,2025-08-27T05:23:02Z,tg:1758611100,https://x.com/i/communities/1960561380777484731,False,Pumpfun
tg_1758611100_152672,SOL,Catecoin,Bp7wS2tDSE4Cdvvvj4zP3qkWToJpfWQvdRxZaXmJy9Gp,2025-08-27T10:45:24Z,tg:1758611100,https://x.com/i/communities/1960652852109455439,False,raydium
tg_1758611100_152683,SOL,Pumpfun  Chimp,8SgTUjbBrrZXMMN4mxzkaew4mjCjqwfPEGRqGkomgLrQ,2025-08-27T11:38:35Z,tg:1758611100,https://x.com/_ChimpSolana,False,raydium
tg_1758611100_152712,SOL,USDUT,3vz82EWYv8xnc7Cm7qSgERcpMeqw92PcX8PBz88npump,2025-08-27T14:08:09Z,tg:1758611100,https://x.com/i/communities/1960645719733289260,False,Pumpfun
tg_1758611100_152721,SOL,BULL,D3DmEyC5p7LLkvEmtQX58EwGk5LmjqRJVNRmULRLpump,2025-08-27T14:55:05Z,tg:1758611100,https://x.com/i/communities/1960694949411762243,False,Pumpfun
tg_1758611100_152723,SOL,Pumpfun  Fruggy,BtgHfcRwgHzWWB4Ut88S9HXFWJSz2AGbm3equSKvpump,2025-08-27T14:59:09Z,tg:1758611100,https://x.com/i/communities/1960698941772849446,False,Pumpfun
tg_1758611100_152733,SOL,Chocolate Rain,7qCnRfKu1b42rVQqpmNjMhDWMAXfMBH8VLv7MivFDPyp,2025-08-27T15:27:33Z,tg:1758611100,https://x.com/i/communities/1960431511859290130,False,raydium
tg_1758611100_152749,SOL,Reward,5qY8Lt2ymrktdRJCYRus25NuaM3aKESrvR1BaJ5UH6Fx,2025-08-27T16:43:22Z,tg:1758611100,https://x.com/i/communities/1960705063737024727,False,raydium
tg_1758611100_152761,SOL,The First Crypto Cat,ELgBwq1jLzxTvrABSZuyu9Ep85LX8HXSbmBLXtZ9pump,2025-08-27T18:05:54Z,tg:1758611100,https://x.com/BTCAT_spl,False,Pumpfun
tg_1758611100_152779,SOL,Ath Girl,WfAfq1TMYMXSqqGaAsm53o4tmQv1yMEcqUrT6u4pump,2025-08-27T19:26:52Z,tg:1758611100,https://x.com/yourathsol,False,Pumpfun
tg_1758611100_152815,SOL,Calorie,HT1uT7DBezV3auothApqkMQZmtwaf8MQg2MVEqFepump,2025-08-27T22:51:40Z,tg:1758611100,https://x.com/i/communities/1960789351656513731,False,Pumpfun
tg_1758611100_152838,SOL,GIT,5EdrhqufjX1BSduhiYgsGdL3ABLn3iyDGVBr8AETpump,2025-08-28T02:23:54Z,tg:1758611100,https://x.com/i/communities/1960751837415424195/,False,Pumpfun
tg_1758611100_152842,SOL,VICTOR,Cx6agZZs3sBnLmyADSq5ecXtxR7cXLPJSsdMv2PApump,2025-08-28T02:38:27Z,tg:1758611100,https://x.com/safarijournalco/status/1960882395588256244,False,Pumpfun
tg_1758611100_152850,SOL,MARTIN,BMwEAXDkTPsqdGcVjXKSTwYoRtSrX99hk2qvc9pZpump,2025-08-28T03:06:14Z,tg:1758611100,https://x.com/i/communities/1960876703242137621,False,Pumpfun
tg_1758611100_152876,SOL,TROLLABU,6Vta1eyGpkQX9AVkYQEf44ygwAhYfh4f8LrMWbQTpump,2025-08-28T05:30:23Z,tg:1758611100,https://x.com/i/communities/1953873492883149266,False,Pumpfun
tg_1758611100_152900,SOL,IIM,BdsswhDTxBbd9CXA1qjvWA5H537t2BGQy2JuSECXpump,2025-08-28T07:24:00Z,tg:1758611100,https://twitter.com/i/communities/1960936885037228531,False,Pumpfun
tg_1758611100_152911,SOL,IME,7NRZv6B5Smz5EhVzsVMsu676s9SGWYUtTBMfcs1Xpump,2025-08-28T08:09:02Z,tg:1758611100,https://x.com/i/communities/1960969039188017564,False,Pumpfun
tg_1758611100_152961,SOL,TROG,4Zvie9hYS8b8WQZWxHETDS23DSoCMBNQA19jT4hmpump,2025-08-28T13:20:22Z,tg:1758611100,https://twitter.com/i/communities/1960649235218751963,False,Pumpfun
tg_1758611100_152967,SOL,SIMON,48Yi53Mw21XvnPYfU2a4WZqGPDu67XQWhikgNHhSBAGS,2025-08-28T13:52:43Z,tg:1758611100,https://x.com/i/communities/1954256555945111675,False,bags
tg_1758611100_152972,SOL,Ricky‚Äôs Hash Coin,3BJH3qFDHQuamkv4E1ygCm7sZuJZuQUeNar6fjdNpump,2025-08-28T14:18:37Z,tg:1758611100,,False,Pumpfun
tg_1758611100_152974,SOL,Pumpfun  GOOT,CjMeE5yGmLNg1QaiLiJjKEFCKkd3GpaJQDdcEdA7pump,2025-08-28T14:27:25Z,tg:1758611100,https://x.com/GOOTthegoat,False,Pumpfun
tg_1758611100_152991,SOL,Pumpfun  NO AIR NO FART,BB1c6TLzkkw6komhY5LgpLCoYt5B66JhgqosU6XMpump,2025-08-28T16:30:10Z,tg:1758611100,https://x.com/noairnofart,False,Pumpfun
tg_1758611100_153000,SOL,Coin Not Found,79TEA6sYkRRi1bN6ZeZy8MXELpyuS9aBS8AxAaZWpump,2025-08-28T17:16:00Z,tg:1758611100,https://x.com/i/communities/1961099384277307456,False,Pumpfun
tg_1758611100_153002,SOL,The Unstable Coin,Di8eznw9wvvsU3pvpRx4y1N8odYKC87VXxvQFD4iADeE,2025-08-28T17:22:33Z,tg:1758611100,https://x.com/unstablecoin1,False,raydium
tg_1758611100_153023,SOL,Titty,4UTD4eNL38hiUvF9rFRfh2Y41yeVPCWY3SBqmFKGpump,2025-08-28T18:48:40Z,tg:1758611100,https://x.com/UltraDane/status/1961040677401510228,False,Pumpfun
tg_1758611100_153039,SOL,FAKE ANSEM,8SsZJx2mGJu5iiwxStbKqiQueQy3Rm6VJJsFMcg6pump,2025-08-28T19:59:10Z,tg:1758611100,https://x.com/blknoiz06/status/1961140944742302124?t=5hhPVYyNEpfttuWl4wDvEA&s=19,False,Pumpfun
tg_1758611100_153067,SOL,Touch Grass,7i6aDWp1mkibzg5fbm9KAZZ7eQkusr38EghX6SFSpump,2025-08-28T22:28:36Z,tg:1758611100,,False,Pumpfun
tg_1758611100_153133,SOL,DORK,A4RfnhcD1hk2QiVUx3TTtR7Af2RkgjvyJMcnogj9bonk,2025-08-29T06:17:33Z,tg:1758611100,https://x.com/DogeForkcoin,False,Bonk
tg_1758611100_153180,SOL,Baited,BREZ2NWLaVZfGs8y4xZnhc2yzQvrouKD3HpdTFHvpump,2025-08-29T09:46:19Z,tg:1758611100,https://x.com/i/communities/1961254834876919850,False,Pumpfun
tg_1758611100_153202,SOL,Zenith,EqGEH6P8BwcHN1xiErPMwWf4QT6f8ZHH58QcWif9pump,2025-08-29T12:28:27Z,tg:1758611100,https://x.com/LocalDev_sol/status/1961390278176076270,False,Pumpfun
tg_1758611100_153224,SOL,Pumpfun  Flopium,4BVdTQBoWg64JyL3nRUZciANjLSXu2sT6HAcHoKdpump,2025-08-29T14:35:18Z,tg:1758611100,https://x.com/i/communities/1961411191487816143,False,Pumpfun
